[{"when run": [], "when left arrow": [], "when right arrow": [], "when ball hits paddle": [], "when ball hits wall": [], "when ball in goal": [], "when ball misses paddle": ["launch new ball"]}, {"when run": ["launch new ball"], "when left arrow": ["move left"], "when right arrow": ["move right"], "when ball hits paddle": ["bounce ball"], "when ball hits wall": ["launch new ball"], "when ball in goal": ["score point"], "when ball misses paddle": ["score opponent point", "launch new ball"]}, {"when run": ["launch new ball", "set 'very fast' paddle speed"], "when left arrow": ["move left"], "when right arrow": ["move right"], "when ball hits paddle": ["bounce ball"], "when ball hits wall": ["bounce ball"], "when ball in goal": [], "when ball misses paddle": []}, {"when run": ["launch new ball", "set 'normal' paddle speed"], "when left arrow": ["move left"], "when right arrow": ["move right"], "when ball hits paddle": ["bounce ball", "launch new ball"], "when ball hits wall": ["bounce ball", "set 'normal' ball speed"], "when ball in goal": ["score point", "launch new ball"], "when ball misses paddle": ["score opponent point", "launch new ball"]}, {"when run": ["launch new ball"], "when left arrow": ["move left"], "when right arrow": ["move right"], "when ball hits paddle": ["bounce ball", "launch new ball"], "when ball hits wall": ["launch new ball"], "when ball in goal": ["score point", "launch new ball"], "when ball misses paddle": ["launch new ball"]}, {"when run": ["launch new ball", "set 'random' ball"], "when right arrow": ["launch new ball", "move right"], "when left arrow": ["launch new ball", "move left"], "when ball hits paddle": ["bounce ball", "launch new ball", "set 'very fast' paddle speed"], "when ball misses paddle": ["score opponent point", "launch new ball", "launch new ball"], "when ball in goal": ["score point", "launch new ball"], "when ball hits wall": ["bounce ball", "launch new ball"]}, {"when run": ["launch new ball"], "when left arrow": ["move left"], "when right arrow": ["move right"], "when ball hits paddle": ["bounce ball"], "when ball hits wall": ["score point", "launch new ball"], "when ball in goal": ["score point", "launch new ball"], "when ball misses paddle": ["score opponent point", "launch new ball"]}, {"when run": ["launch new ball"], "when left arrow": ["move left"], "when right arrow": ["move right"], "when ball hits paddle": ["bounce ball", "set 'fast' paddle speed"], "when ball hits wall": ["bounce ball", "launch new ball"], "when ball in goal": ["score point", "launch new ball"], "when ball misses paddle": ["score opponent point", "launch new ball"]}, {"when run": [], "when left arrow": ["launch new ball", "move left"], "when right arrow": ["move right"], "when ball hits paddle": ["bounce ball", "set 'normal' ball speed"], "when ball hits wall": ["bounce ball"], "when ball in goal": ["score point"], "when ball misses paddle": ["score opponent point"]}, {"when run": ["launch new ball"], "when left arrow": ["launch new ball", "move left"], "when right arrow": ["launch new ball", "move right"], "when ball hits paddle": ["bounce ball", "launch new ball"], "when ball hits wall": ["bounce ball", "launch new ball"], "when ball in goal": ["score point", "launch new ball"], "when ball misses paddle": ["launch new ball"]}, {"when run": ["set 'normal' ball speed", "set 'normal' paddle speed"], "when left arrow": ["move left"], "when right arrow": ["launch new ball", "move right"], "when ball hits paddle": ["bounce ball"], "when ball hits wall": ["bounce ball"], "when ball in goal": ["score point"], "when ball misses paddle": ["score opponent point"]}, {"when run": ["launch new ball"], "when left arrow": ["move left"], "when right arrow": ["move right"], "when ball hits paddle": ["score point"], "when ball hits wall": ["score opponent point"], "when ball in goal": ["score point"], "when ball misses paddle": ["score opponent point", "launch new ball"]}, {"when run": ["launch new ball"], "when left arrow": ["move left"], "when right arrow": ["move right"], "when ball hits paddle": ["score point", "launch new ball"], "when ball hits wall": ["bounce ball"], "when ball in goal": ["score point", "launch new ball"], "when ball misses paddle": ["score opponent point", "launch new ball"]}, {"when run": [], "when left arrow": ["move left"], "when right arrow": ["move right"], "when ball hits paddle": ["bounce ball"], "when ball hits wall": ["bounce ball"], "when ball in goal": ["score opponent point", "launch new ball"], "when ball misses paddle": ["launch new ball"]}, {"when run": ["score opponent point", "score point", "launch new ball", "launch new ball", "launch new ball", "set 'very fast' ball speed", "set 'very fast' paddle speed"], "when right arrow": ["move right"], "when left arrow": ["move left"], "when ball hits paddle": ["bounce ball"], "when ball hits wall": ["bounce ball"], "when ball in goal": ["score point"], "when ball misses paddle": ["score opponent point"]}, {"when run": [], "when left arrow": ["score point", "move left"], "when right arrow": ["launch new ball", "move right"], "when ball hits paddle": ["bounce ball"], "when ball hits wall": ["bounce ball"], "when ball in goal": ["score point"], "when ball misses paddle": ["score opponent point"]}, {"when run": ["launch new ball", "set 'hardcourt' scene", "set 'hardcourt' ball", "set 'very fast' ball speed", "set 'hardcourt' paddle"], "when left arrow": ["move left"], "when right arrow": ["move right"], "when ball hits paddle": ["bounce ball", "launch new ball"], "when ball hits wall": ["bounce ball", "launch new ball"], "when ball misses paddle": ["score opponent point", "launch new ball"], "when ball in goal": ["score point"]}, {"when run": ["launch new ball", "set 'normal' ball speed", "set 'very fast' paddle speed"], "when left arrow": ["move left"], "when right arrow": ["move right"], "when ball hits paddle": ["bounce ball", "launch new ball"], "when ball hits wall": ["bounce ball"], "when ball in goal": ["score point"], "when ball misses paddle": ["score opponent point"]}, {"when run": ["launch new ball", "launch new ball", "set 'retro' scene", "set 'retro' ball", "set 'retro' paddle", "set 'very fast' paddle speed"], "when left arrow": ["move left"], "when right arrow": ["move right"], "when ball hits paddle": ["bounce ball", "set 'random' ball"], "when ball hits wall": ["bounce ball", "set 'random' ball", "set 'random' ball speed"], "when ball in goal": ["score point", "launch new ball", "set 'random' paddle"], "when ball misses paddle": ["score opponent point", "launch new ball"]}, {"when run": ["score point"], "when left arrow": ["score point"], "when right arrow": ["score point"], "when ball hits paddle": [], "when ball hits wall": [], "when ball in goal": [], "when ball misses paddle": []}, {"when run": ["bounce ball", "launch new ball", "move right", "move right", "move right", "move right", "move right", "move right"], "when right arrow": [], "when ball hits paddle": [], "when ball hits wall": [], "when left arrow": [], "when ball in goal": [], "when ball misses paddle": []}, {"when run": ["launch new ball", "set 'retro' scene", "set 'hardcourt' ball", "set 'retro' paddle"], "when left arrow": ["score opponent point", "move left"], "when right arrow": ["score opponent point", "move right"], "when ball hits paddle": ["bounce ball"], "when ball hits wall": ["bounce ball"], "when ball in goal": ["score opponent point", "score point"], "when ball misses paddle": ["score opponent point", "score point"]}, {"when run": ["launch new ball", "set 'fast' ball speed", "set 'very fast' paddle speed"], "when left arrow": ["score point", "move left"], "when right arrow": ["score point", "move right"], "when ball hits paddle": ["bounce ball", "score point"], "when ball hits wall": ["bounce ball", "score point"], "when ball in goal": ["score point", "launch new ball"], "when ball misses paddle": ["score opponent point", "launch new ball"]}, {"when run": ["set 'normal' ball speed"], "when left arrow": [], "when right arrow": [], "when ball hits paddle": [], "when ball hits wall": [], "when ball in goal": [], "when ball misses paddle": []}, {"when run": ["launch new ball"], "when left arrow": ["move left"], "when right arrow": ["move right"], "when ball hits paddle": ["bounce ball", "launch new ball"], "when ball hits wall": ["score opponent point", "launch new ball"], "when ball in goal": ["score point", "launch new ball"], "when ball misses paddle": ["score opponent point", "launch new ball"]}, {"when run": ["launch new ball", "set 'normal' ball speed", "set 'normal' paddle speed"], "when left arrow": ["move left"], "when right arrow": ["move right"], "when ball hits paddle": ["bounce ball"], "when ball hits wall": ["bounce ball"], "when ball in goal": ["score point"], "when ball misses paddle": ["launch new ball"]}, {"when run": ["launch new ball"], "when left arrow": ["move left"], "when right arrow": ["move right"], "when ball hits paddle": ["bounce ball"], "when ball hits wall": ["launch new ball"], "when ball in goal": ["score opponent point", "score point", "launch new ball"], "when ball misses paddle": ["launch new ball"]}, {"when run": ["launch new ball", "set 'very fast' paddle speed"], "when left arrow": ["move left"], "when right arrow": ["move right"], "when ball hits paddle": ["bounce ball"], "when ball hits wall": [], "when ball in goal": [], "when ball misses paddle": []}, {"when run": ["launch new ball"], "when left arrow": ["move left"], "when right arrow": ["move right"], "when ball hits paddle": ["bounce ball", "launch new ball"], "when ball hits wall": ["bounce ball", "score point"], "when ball in goal": ["score point"], "when ball misses paddle": ["score opponent point"]}, {"when run": [], "when left arrow": ["launch new ball", "move left"], "when right arrow": ["move right"], "when ball hits paddle": ["bounce ball", "launch new ball"], "when ball hits wall": ["bounce ball"], "when ball in goal": ["score point"], "when ball misses paddle": ["score opponent point", "launch new ball"]}, {"when run": ["launch new ball", "set 'very fast' ball speed", "set 'very fast' paddle speed"], "when left arrow": ["move right"], "when right arrow": ["move left"], "when ball hits paddle": ["bounce ball"], "when ball hits wall": ["bounce ball"], "when ball in goal": ["score point", "launch new ball"], "when ball misses paddle": ["score opponent point", "launch new ball"]}, {"when run": ["launch new ball"], "when left arrow": ["move left"], "when right arrow": ["move right"], "when ball hits paddle": ["score point", "launch new ball"], "when ball hits wall": ["bounce ball"], "when ball in goal": ["score point"], "when ball misses paddle": ["score opponent point"]}, {"when run": ["launch new ball", "set 'fast' ball speed"], "when left arrow": ["move left"], "when right arrow": ["move right"], "when ball hits paddle": ["bounce ball"], "when ball hits wall": ["launch new ball"], "when ball in goal": ["score point", "launch new ball"], "when ball misses paddle": ["score opponent point", "launch new ball"]}, {"when run": ["launch new ball"], "when left arrow": ["move left"], "when right arrow": ["move right"], "when ball hits paddle": ["bounce ball", "score point"], "when ball hits wall": ["bounce ball"], "when ball in goal": ["launch new ball"], "when ball misses paddle": ["score opponent point"]}, {"when run": [], "when left arrow": [], "when right arrow": [], "when ball hits paddle": [], "when ball hits wall": [], "when ball in goal": [], "when ball misses paddle": []}, {"when run": ["launch new ball"], "when left arrow": ["move left"], "when right arrow": ["move right"], "when ball hits paddle": [], "when ball hits wall": ["bounce ball"], "when ball in goal": ["score point"], "when ball misses paddle": ["score opponent point", "launch new ball"]}, {"when run": [], "when left arrow": ["move left"], "when right arrow": ["move right"], "when ball hits paddle": ["bounce ball"], "when ball hits wall": ["bounce ball"], "when ball in goal": ["score opponent point", "score point"], "when ball misses paddle": []}, {"when run": ["launch new ball", "set 'retro' scene", "set 'retro' ball", "set 'retro' paddle", "set 'very fast' paddle speed"], "when right arrow": ["score opponent point", "move right"], "when left arrow": ["score point", "move left"], "when ball hits paddle": ["bounce ball"], "when ball hits wall": ["bounce ball"], "when ball in goal": ["score point", "launch new ball"], "when ball misses paddle": ["score opponent point", "launch new ball"]}, {"when run": [], "when left arrow": ["launch new ball", "move left"], "when right arrow": ["launch new ball", "move right"], "when ball hits paddle": ["bounce ball"], "when ball hits wall": [], "when ball in goal": [], "when ball misses paddle": []}, {"when run": ["launch new ball"], "when left arrow": ["move left"], "when right arrow": ["move right"], "when ball hits paddle": ["bounce ball"], "when ball hits wall": ["bounce ball", "launch new ball"], "when ball in goal": ["score point"], "when ball misses paddle": ["bounce ball", "score opponent point"]}, {"when run": ["launch new ball"], "when left arrow": ["move left"], "when right arrow": ["move right"], "when ball hits paddle": ["score point", "launch new ball"], "when ball hits wall": ["bounce ball"], "when ball in goal": ["score point", "launch new ball"], "when ball misses paddle": ["score opponent point"]}, {"when run": ["launch new ball"], "when left arrow": ["move left"], "when right arrow": ["move right"], "when ball hits paddle": ["bounce ball"], "when ball hits wall": ["bounce ball", "score point", "launch new ball"], "when ball in goal": ["score point", "launch new ball"], "when ball misses paddle": ["score opponent point", "launch new ball"]}, {"when run": ["score point"], "when left arrow": ["move left"], "when right arrow": ["move right"], "when ball hits paddle": ["bounce ball"], "when ball hits wall": ["bounce ball"], "when ball in goal": ["score point", "launch new ball"], "when ball misses paddle": ["score opponent point", "launch new ball"]}, {"when run": ["launch new ball", "set 'normal' paddle speed"], "when left arrow": ["move left"], "when right arrow": ["move right"], "when ball hits paddle": ["bounce ball"], "when ball hits wall": ["launch new ball"], "when ball in goal": ["score point", "launch new ball"], "when ball misses paddle": ["score opponent point"]}, {"when run": ["launch new ball", "set 'hardcourt' scene"], "when left arrow": ["move left"], "when right arrow": ["move right"], "when ball hits paddle": ["bounce ball"], "when ball hits wall": ["bounce ball", "set 'fast' paddle speed"], "when ball in goal": ["bounce ball", "score point", "launch new ball"], "when ball misses paddle": ["score opponent point", "launch new ball"]}, {"when run": [], "when left arrow": ["score point", "launch new ball", "move left"], "when right arrow": ["score point", "launch new ball", "move right"], "when ball hits paddle": ["bounce ball", "score point", "launch new ball"], "when ball hits wall": ["bounce ball", "score point", "launch new ball"], "when ball in goal": ["score point", "launch new ball"], "when ball misses paddle": ["score opponent point", "score point", "launch new ball"]}, {"when run": ["score point", "launch new ball"], "when left arrow": ["score point"], "when right arrow": ["score point"], "when ball hits paddle": ["score point"], "when ball hits wall": ["score point"], "when ball in goal": ["score point"], "when ball misses paddle": ["score point"]}, {"when run": ["launch new ball", "set 'hardcourt' scene", "set 'hardcourt' ball", "set 'fast' ball speed", "set 'hardcourt' paddle", "set 'fast' paddle speed"], "when right arrow": ["score point", "move right"], "when left arrow": ["score point", "move left"], "when ball hits wall": ["bounce ball", "score point"], "when ball hits paddle": ["bounce ball", "score point"], "when ball in goal": ["score point", "launch new ball"], "when ball misses paddle": ["score opponent point", "launch new ball"]}, {"when run": [], "when left arrow": ["launch new ball", "move left", "set 'retro' scene"], "when right arrow": ["move right"], "when ball hits paddle": ["bounce ball"], "when ball hits wall": ["bounce ball", "set 'very fast' paddle speed"], "when ball in goal": ["score point", "launch new ball"], "when ball misses paddle": ["score opponent point", "launch new ball"]}, {"when run": [], "when left arrow": ["move left"], "when right arrow": ["move right"], "when ball hits paddle": ["bounce ball"], "when ball hits wall": ["bounce ball"], "when ball in goal": ["score opponent point", "launch new ball"], "when ball misses paddle": ["score point", "launch new ball"]}, {"when run": ["launch new ball"], "when left arrow": ["move left"], "when right arrow": ["move right"], "when ball hits paddle": ["bounce ball", "score point"], "when ball hits wall": ["bounce ball", "score point"], "when ball in goal": ["score point"], "when ball misses paddle": ["score opponent point", "launch new ball"]}, {"when run": ["launch new ball"], "when left arrow": ["move left"], "when right arrow": ["move right"], "when ball hits paddle": ["bounce ball", "launch new ball"], "when ball hits wall": ["bounce ball", "launch new ball"], "when ball in goal": ["score opponent point", "score point"], "when ball misses paddle": ["launch new ball"]}, {"when run": ["bounce ball"], "when left arrow": ["move left"], "when right arrow": ["move right"], "when ball hits paddle": ["bounce ball"], "when ball hits wall": ["bounce ball"], "when ball in goal": ["score point"], "when ball misses paddle": ["launch new ball"]}, {"when run": ["bounce ball", "launch new ball", "launch new ball", "move left", "move right"], "when left arrow": ["move left"], "when right arrow": ["move right"], "when ball hits paddle": ["bounce ball"], "when ball hits wall": ["bounce ball"], "when ball in goal": ["score point"], "when ball misses paddle": ["score opponent point"]}, {"when run": ["score point", "move left"], "when left arrow": [], "when right arrow": [], "when ball hits paddle": [], "when ball hits wall": [], "when ball in goal": [], "when ball misses paddle": []}, {"when run": ["launch new ball"], "when left arrow": ["move left"], "when right arrow": ["move right"], "when ball hits paddle": ["bounce ball"], "when ball hits wall": ["bounce ball"], "when ball in goal": ["score opponent point", "score point", "launch new ball"], "when ball misses paddle": ["launch new ball"]}, {"when run": ["launch new ball", "set 'fast' ball speed"], "when left arrow": ["move left"], "when right arrow": ["move right"], "when ball hits paddle": ["bounce ball"], "when ball hits wall": ["bounce ball", "launch new ball"], "when ball in goal": ["score point"], "when ball misses paddle": ["score opponent point"]}, {"when run": ["score opponent point", "launch new ball"], "when left arrow": ["move left"], "when right arrow": ["move right"], "when ball hits paddle": ["bounce ball"], "when ball hits wall": ["bounce ball"], "when ball in goal": ["score point"], "when ball misses paddle": ["score opponent point"]}, {"when run": ["launch new ball", "set 'very fast' paddle speed"], "when left arrow": ["move left"], "when right arrow": ["move right"], "when ball hits paddle": ["bounce ball"], "when ball hits wall": ["bounce ball", "launch new ball"], "when ball in goal": ["score point", "launch new ball"], "when ball misses paddle": ["score opponent point"]}, {"when run": ["bounce ball"], "when left arrow": ["launch new ball", "move left"], "when right arrow": ["launch new ball", "move right"], "when ball hits paddle": ["bounce ball", "launch new ball"], "when ball hits wall": ["bounce ball", "launch new ball"], "when ball in goal": ["score point", "launch new ball"], "when ball misses paddle": ["score opponent point", "launch new ball"]}, {"when run": ["launch new ball", "set 'random' scene", "set 'random' ball", "set 'random' ball speed", "set 'random' paddle", "set 'fast' paddle speed"], "when right arrow": ["move right"], "when left arrow": ["move left"], "when ball hits paddle": ["bounce ball"], "when ball hits wall": ["bounce ball"], "when ball in goal": ["score point"], "when ball misses paddle": ["score opponent point", "launch new ball"]}, {"when run": [], "when left arrow": ["launch new ball", "move left"], "when right arrow": ["launch new ball", "move right"], "when ball hits paddle": ["bounce ball"], "when ball hits wall": [], "when ball in goal": ["score point"], "when ball misses paddle": ["score opponent point"]}, {"when run": ["set 'fast' ball speed"], "when left arrow": ["move left"], "when right arrow": ["move right"], "when ball hits paddle": ["bounce ball"], "when ball hits wall": ["bounce ball"], "when ball in goal": ["score point", "launch new ball"], "when ball misses paddle": ["score opponent point", "launch new ball"]}, {"when run": ["launch new ball", "set 'retro' scene", "set 'very fast' ball speed", "set 'retro' paddle", "set 'fast' paddle speed"], "when left arrow": ["move left"], "when right arrow": ["move right"], "when ball hits paddle": ["bounce ball"], "when ball hits wall": ["bounce ball"], "when ball in goal": ["bounce ball", "score point"], "when ball misses paddle": ["score opponent point", "launch new ball"]}, {"when run": ["launch new ball", "set 'random' scene", "set 'random' ball", "set 'random' ball speed", "set 'random' paddle", "set 'random' paddle speed"], "when left arrow": ["move left"], "when right arrow": ["move right"], "when ball hits paddle": ["bounce ball", "launch new ball"], "when ball hits wall": ["bounce ball"], "when ball in goal": ["score point"], "when ball misses paddle": ["score opponent point"]}, {"when run": ["launch new ball"], "when left arrow": ["bounce ball"], "when right arrow": [], "when ball hits paddle": [], "when ball hits wall": [], "when ball in goal": [], "when ball misses paddle": []}, {"when run": ["launch new ball"], "when left arrow": ["move left"], "when right arrow": ["move right"], "when ball hits paddle": ["bounce ball"], "when ball hits wall": ["bounce ball", "launch new ball"], "when ball in goal": ["score point", "launch new ball"], "when ball misses paddle": ["score point", "launch new ball"]}, {"when run": ["launch new ball", "set 'fast' ball speed", "set 'very fast' paddle speed"], "when left arrow": ["move left"], "when right arrow": ["move right"], "when ball hits paddle": ["launch new ball"], "when ball hits wall": ["bounce ball"], "when ball in goal": ["score point"], "when ball misses paddle": ["score opponent point"]}, {"when run": ["score opponent point", "move left"], "when left arrow": [], "when right arrow": [], "when ball hits paddle": [], "when ball hits wall": [], "when ball in goal": [], "when ball misses paddle": []}, {"when run": ["bounce ball"], "when left arrow": ["move left"], "when right arrow": ["move right"], "when ball hits paddle": [], "when ball hits wall": [], "when ball in goal": [], "when ball misses paddle": []}, {"when run": ["launch new ball", "set 'random' ball speed"], "when left arrow": ["move left"], "when right arrow": ["move right"], "when ball hits paddle": ["bounce ball", "launch new ball"], "when ball hits wall": ["bounce ball"], "when ball in goal": ["score point"], "when ball misses paddle": ["score opponent point"]}, {"when run": ["launch new ball"], "when left arrow": ["move left"], "when right arrow": ["move right"], "when ball hits paddle": ["bounce ball"], "when ball hits wall": ["score point", "launch new ball"], "when ball in goal": ["score point"], "when ball misses paddle": ["score opponent point"]}, {"when run": ["launch new ball"], "when left arrow": ["move left"], "when right arrow": ["move right"], "when ball hits paddle": ["score opponent point", "launch new ball"], "when ball hits wall": ["bounce ball"], "when ball in goal": ["score point"], "when ball misses paddle": []}, {"when run": ["launch new ball", "set 'hardcourt' ball", "set 'fast' ball speed", "set 'random' paddle"], "when left arrow": ["move left"], "when right arrow": ["move right"], "when ball hits paddle": ["bounce ball"], "when ball hits wall": ["bounce ball"], "when ball in goal": ["score opponent point", "score point", "launch new ball"], "when ball misses paddle": ["score opponent point"]}, {"when run": [], "when left arrow": ["launch new ball", "move left"], "when right arrow": ["move right"], "when ball hits paddle": ["bounce ball"], "when ball hits wall": ["bounce ball"], "when ball in goal": ["score point", "launch new ball"], "when ball misses paddle": ["score opponent point", "launch new ball"]}, {"when run": [], "when left arrow": ["move left"], "when right arrow": ["move right"], "when ball hits paddle": ["bounce ball"], "when ball hits wall": ["bounce ball"], "when ball in goal": ["score opponent point", "score point"], "when ball misses paddle": ["launch new ball"]}, {"when run": ["launch new ball", "set 'fast' ball speed", "set 'fast' paddle speed"], "when left arrow": ["move left"], "when right arrow": ["move right"], "when ball hits paddle": ["bounce ball", "launch new ball"], "when ball hits wall": ["bounce ball", "launch new ball"], "when ball in goal": ["score point"], "when ball misses paddle": ["score opponent point"]}, {"when run": ["launch new ball"], "when left arrow": ["launch new ball", "move left"], "when right arrow": ["launch new ball", "move right"], "when ball hits paddle": ["bounce ball", "launch new ball"], "when ball hits wall": ["bounce ball", "launch new ball"], "when ball in goal": ["score point", "launch new ball"], "when ball misses paddle": ["score point", "launch new ball"]}, {"when run": ["launch new ball", "set 'random' ball speed", "set 'very fast' paddle speed"], "when left arrow": ["move left"], "when right arrow": ["move right"], "when ball hits paddle": ["bounce ball"], "when ball hits wall": ["bounce ball"], "when ball in goal": ["score point"], "when ball misses paddle": ["score opponent point"]}, {"when run": ["launch new ball", "set 'retro' ball", "set 'normal' ball speed", "set 'fast' paddle speed"], "when left arrow": ["move left"], "when right arrow": ["move right"], "when ball hits paddle": ["bounce ball"], "when ball hits wall": ["bounce ball"], "when ball in goal": ["bounce ball", "score point", "launch new ball"], "when ball misses paddle": ["score opponent point", "launch new ball"]}, {"when run": ["launch new ball"], "when left arrow": ["score point", "move left"], "when right arrow": ["score point", "move right"], "when ball hits paddle": ["bounce ball", "score point"], "when ball hits wall": ["bounce ball", "score point"], "when ball in goal": ["score point", "launch new ball"], "when ball misses paddle": ["score opponent point", "launch new ball"]}, {"when run": ["launch new ball"], "when left arrow": ["move left"], "when right arrow": ["move right"], "when ball hits paddle": ["score opponent point"], "when ball hits wall": ["score opponent point"], "when ball in goal": ["score point"], "when ball misses paddle": ["launch new ball"]}, {"when run": ["launch new ball"], "when left arrow": ["move left"], "when right arrow": ["move right"], "when ball hits paddle": ["bounce ball"], "when ball hits wall": ["bounce ball", "launch new ball"], "when ball in goal": ["score point"], "when ball misses paddle": ["score opponent point", "score point"]}, {"when run": ["launch new ball"], "when left arrow": ["launch new ball", "move left"], "when right arrow": ["launch new ball", "move right"], "when ball hits paddle": ["bounce ball", "launch new ball"], "when ball hits wall": ["bounce ball", "launch new ball"], "when ball in goal": ["score opponent point", "score point", "launch new ball"], "when ball misses paddle": ["launch new ball"]}, {"when run": ["launch new ball"], "when ball in goal": ["score point"], "when left arrow": ["move left"], "when right arrow": ["move right"], "when ball misses paddle": ["score opponent point", "launch new ball"], "when ball hits paddle": ["bounce ball", "launch new ball", "set 'very fast' ball speed", "set 'very fast' paddle speed"], "when ball hits wall": ["bounce ball", "launch new ball"]}, {"when run": [], "when left arrow": ["bounce ball"], "when right arrow": ["score point"], "when ball hits paddle": [], "when ball hits wall": [], "when ball in goal": [], "when ball misses paddle": []}, {"when run": ["launch new ball", "set 'retro' scene", "set 'retro' ball", "set 'normal' ball speed", "set 'retro' paddle", "set 'very fast' paddle speed"], "when right arrow": ["move right"], "when left arrow": ["launch new ball", "move left"], "when ball hits paddle": ["bounce ball"], "when ball hits wall": ["bounce ball"], "when ball in goal": ["score point"], "when ball misses paddle": ["score opponent point"]}, {"when run": [], "when left arrow": ["launch new ball", "move left"], "when right arrow": ["move right"], "when ball hits paddle": ["bounce ball"], "when ball hits wall": ["bounce ball"], "when ball in goal": ["score opponent point", "score point"], "when ball misses paddle": ["bounce ball"]}, {"when run": ["launch new ball", "launch new ball", "set 'hardcourt' scene", "set 'hardcourt' ball", "set 'fast' ball speed", "set 'hardcourt' paddle", "set 'fast' paddle speed"], "when right arrow": ["move right"], "when left arrow": ["move left"], "when ball hits paddle": ["bounce ball"], "when ball hits wall": ["bounce ball", "launch new ball"], "when ball in goal": ["score point", "score point"], "when ball misses paddle": ["score opponent point", "launch new ball"]}, {"when run": ["launch new ball", "launch new ball", "set 'retro' scene", "set 'random' ball", "set 'very slow' ball speed", "set 'random' paddle"], "when right arrow": ["move right"], "when left arrow": ["move left"], "when ball hits paddle": ["bounce ball"], "when ball hits wall": ["bounce ball"], "when ball in goal": ["score point", "launch new ball", "launch new ball", "launch new ball"], "when ball misses paddle": ["score opponent point"]}, {"when run": ["launch new ball", "set 'normal' paddle speed"], "when left arrow": ["move left"], "when right arrow": ["move right"], "when ball hits paddle": ["bounce ball"], "when ball hits wall": ["bounce ball"], "when ball in goal": ["score point", "launch new ball"], "when ball misses paddle": ["score opponent point"]}, {"when run": ["launch new ball", "set 'retro' scene", "set 'random' ball", "set 'retro' paddle", "set 'very fast' paddle speed"], "when left arrow": ["move left"], "when right arrow": ["move right"], "when ball hits paddle": ["bounce ball"], "when ball hits wall": ["bounce ball"], "when ball in goal": ["launch new ball"], "when ball misses paddle": []}, {"when run": ["launch new ball"], "when left arrow": ["move left"], "when right arrow": ["launch new ball", "move right"], "when ball hits paddle": ["bounce ball"], "when ball hits wall": ["bounce ball"], "when ball in goal": ["score point"], "when ball misses paddle": ["score opponent point"]}, {"when run": [], "when left arrow": ["move left"], "when right arrow": ["move right"], "when ball hits paddle": ["launch new ball"], "when ball hits wall": ["bounce ball"], "when ball in goal": ["score point"], "when ball misses paddle": []}, {"when run": ["launch new ball", "set 'normal' ball speed", "set 'normal' paddle speed"], "when left arrow": ["launch new ball", "move left"], "when right arrow": ["launch new ball", "move right"], "when ball hits paddle": ["bounce ball", "launch new ball"], "when ball hits wall": ["bounce ball", "launch new ball"], "when ball in goal": ["score point", "launch new ball"], "when ball misses paddle": ["score opponent point", "launch new ball"]}, {"when run": ["launch new ball", "set 'hardcourt' scene", "set 'normal' ball speed"], "when left arrow": ["move left"], "when right arrow": ["move right"], "when ball hits paddle": ["bounce ball"], "when ball hits wall": ["bounce ball", "score opponent point"], "when ball in goal": ["score point", "launch new ball"], "when ball misses paddle": ["launch new ball"]}, {"when run": ["launch new ball", "set 'normal' ball speed", "set 'fast' paddle speed"], "when left arrow": ["move left"], "when right arrow": ["move right"], "when ball hits paddle": ["bounce ball", "launch new ball"], "when ball hits wall": ["bounce ball"], "when ball in goal": ["score point"], "when ball misses paddle": ["score opponent point"]}, {"when run": ["bounce ball"], "when left arrow": ["move left"], "when right arrow": ["move right"], "when ball hits paddle": ["bounce ball"], "when ball hits wall": ["launch new ball"], "when ball in goal": ["score point"], "when ball misses paddle": ["score opponent point"]}, {"when run": ["launch new ball"], "when left arrow": ["move left"], "when right arrow": ["move right"], "when ball hits paddle": ["set 'normal' paddle speed"], "when ball hits wall": ["bounce ball"], "when ball in goal": ["score point"], "when ball misses paddle": ["score opponent point"]}, {"when run": [], "when left arrow": ["move left"], "when right arrow": ["move right"], "when ball hits paddle": ["bounce ball", "score point"], "when ball hits wall": [], "when ball in goal": [], "when ball misses paddle": []}, {"when run": ["set 'retro' scene", "set 'very fast' ball speed", "set 'very fast' paddle speed"], "when left arrow": ["launch new ball", "move left"], "when right arrow": ["launch new ball", "move right"], "when ball hits paddle": ["bounce ball", "launch new ball"], "when ball hits wall": ["bounce ball", "launch new ball"], "when ball in goal": ["score point", "score point"], "when ball misses paddle": ["score opponent point"]}, {"when run": ["launch new ball"], "when left arrow": ["move left"], "when right arrow": ["move right"], "when ball hits paddle": ["bounce ball"], "when ball hits wall": ["bounce ball"], "when ball in goal": ["launch new ball"], "when ball misses paddle": ["score opponent point"]}, {"when run": ["launch new ball"], "when left arrow": ["bounce ball", "launch new ball", "move left"], "when right arrow": ["bounce ball", "launch new ball", "move right"], "when ball hits paddle": ["bounce ball", "launch new ball"], "when ball hits wall": ["bounce ball", "launch new ball"], "when ball in goal": ["score point", "launch new ball"], "when ball misses paddle": ["score opponent point", "launch new ball"]}, {"when run": ["score point", "launch new ball"], "when left arrow": ["move left"], "when right arrow": ["move right"], "when ball hits paddle": ["launch new ball"], "when ball hits wall": ["bounce ball"], "when ball in goal": ["score point"], "when ball misses paddle": ["score opponent point"]}, {"when run": ["launch new ball"], "when left arrow": ["move left"], "when right arrow": ["move right"], "when ball hits paddle": ["bounce ball"], "when ball hits wall": ["bounce ball"], "when ball in goal": ["score point", "launch new ball"], "when ball misses paddle": ["score point", "launch new ball"]}, {"when run": ["launch new ball", "set 'very slow' ball speed", "set 'very fast' paddle speed"], "when left arrow": ["move left"], "when right arrow": ["move right"], "when ball hits paddle": ["bounce ball"], "when ball hits wall": ["bounce ball", "launch new ball"], "when ball in goal": ["score point", "launch new ball"], "when ball misses paddle": ["score opponent point"]}, {"when run": ["launch new ball", "set 'very fast' ball speed", "set 'very fast' paddle speed"], "when left arrow": ["move left"], "when right arrow": ["move right"], "when ball hits wall": ["bounce ball"], "when ball hits paddle": ["bounce ball", "set 'random' scene", "set 'random' ball"], "when ball in goal": ["score opponent point", "score opponent point", "score point"], "when ball misses paddle": ["launch new ball"]}, {"when run": ["launch new ball"], "when left arrow": ["move left"], "when right arrow": ["move right"], "when ball hits paddle": ["bounce ball", "launch new ball"], "when ball hits wall": ["bounce ball", "launch new ball"], "when ball in goal": ["score point"], "when ball misses paddle": ["score opponent point", "launch new ball"]}, {"when run": ["launch new ball", "set 'normal' ball speed", "set 'normal' paddle speed"], "when left arrow": [], "when right arrow": [], "when ball hits paddle": [], "when ball hits wall": [], "when ball in goal": [], "when ball misses paddle": []}, {"when run": ["launch new ball", "launch new ball"], "when left arrow": ["move left"], "when right arrow": ["move right"], "when ball hits paddle": ["bounce ball"], "when ball hits wall": ["bounce ball"], "when ball in goal": ["score point", "launch new ball", "set 'fast' paddle speed"], "when ball misses paddle": ["score opponent point"]}, {"when run": ["launch new ball"], "when left arrow": ["move left"], "when right arrow": ["move right"], "when ball hits paddle": ["score opponent point"], "when ball hits wall": ["score opponent point"], "when ball in goal": ["score point"], "when ball misses paddle": ["score opponent point"]}, {"when run": ["launch new ball", "set 'random' scene", "set 'random' ball", "set 'random' ball speed", "set 'random' paddle", "set 'random' paddle speed"], "when left arrow": ["move left"], "when right arrow": ["move right"], "when ball hits paddle": ["bounce ball"], "when ball hits wall": ["bounce ball"], "when ball in goal": ["score opponent point", "score point", "launch new ball"], "when ball misses paddle": ["launch new ball"]}, {"when run": ["launch new ball", "set 'normal' ball speed", "set 'very fast' paddle speed"], "when left arrow": ["move left"], "when right arrow": ["move right"], "when ball misses paddle": ["score opponent point", "launch new ball"], "when ball hits paddle": ["bounce ball", "launch new ball"], "when ball hits wall": ["bounce ball"], "when ball in goal": ["score point"]}, {"when run": ["launch new ball", "set 'normal' paddle speed"], "when left arrow": ["move left"], "when right arrow": ["move right"], "when ball hits paddle": ["bounce ball"], "when ball hits wall": ["bounce ball"], "when ball in goal": ["score point"], "when ball misses paddle": ["score opponent point"]}, {"when run": ["launch new ball"], "when left arrow": ["move left"], "when right arrow": ["move right"], "when ball hits paddle": ["bounce ball"], "when ball hits wall": [], "when ball in goal": ["score opponent point"], "when ball misses paddle": []}, {"when run": ["launch new ball", "launch new ball", "launch new ball"], "when left arrow": ["move left"], "when right arrow": ["move right"], "when ball hits paddle": ["set 'fast' paddle speed"], "when ball hits wall": ["bounce ball"], "when ball in goal": ["score point"], "when ball misses paddle": ["score opponent point"]}, {"when run": ["launch new ball"], "when left arrow": ["move left"], "when right arrow": ["move right"], "when ball hits paddle": ["launch new ball"], "when ball hits wall": ["bounce ball"], "when ball in goal": ["score opponent point", "score point"], "when ball misses paddle": []}, {"when run": [], "when left arrow": ["launch new ball", "move left"], "when right arrow": ["launch new ball", "move right"], "when ball hits paddle": ["bounce ball", "launch new ball"], "when ball hits wall": ["bounce ball"], "when ball in goal": ["score point"], "when ball misses paddle": ["score opponent point"]}, {"when run": [], "when left arrow": ["move left"], "when right arrow": ["move right"], "when ball hits paddle": ["bounce ball"], "when ball hits wall": ["bounce ball"], "when ball in goal": ["score opponent point"], "when ball misses paddle": ["score point", "launch new ball"]}, {"when run": ["launch new ball"], "when left arrow": ["move left"], "when right arrow": ["move right"], "when ball hits paddle": ["bounce ball", "launch new ball"], "when ball hits wall": ["bounce ball", "launch new ball"], "when ball in goal": ["score point"], "when ball misses paddle": ["launch new ball"]}, {"when run": ["launch new ball"], "when left arrow": ["move left"], "when right arrow": ["move right"], "when ball hits paddle": ["bounce ball"], "when ball hits wall": ["bounce ball", "launch new ball"], "when ball in goal": ["score point", "launch new ball"], "when ball misses paddle": ["launch new ball"]}, {"when run": ["score point", "launch new ball", "launch new ball"], "when left arrow": ["move left"], "when right arrow": ["move right"], "when ball hits paddle": ["bounce ball"], "when ball hits wall": ["bounce ball"], "when ball in goal": ["score opponent point"], "when ball misses paddle": ["bounce ball"]}, {"when run": [], "when left arrow": ["launch new ball", "move left"], "when right arrow": ["launch new ball", "move right"], "when ball hits paddle": ["bounce ball"], "when ball hits wall": ["bounce ball", "launch new ball"], "when ball in goal": ["score point"], "when ball misses paddle": ["score opponent point"]}, {"when run": ["launch new ball", "set 'retro' scene", "set 'random' ball", "set 'normal' ball speed", "set 'retro' paddle", "set 'normal' paddle speed"], "when left arrow": ["move left"], "when right arrow": ["move right"], "when ball hits paddle": ["bounce ball"], "when ball hits wall": ["score opponent point", "launch new ball"], "when ball in goal": ["score point", "launch new ball"], "when ball misses paddle": ["score opponent point", "launch new ball"]}, {"when run": ["launch new ball"], "when left arrow": ["move left"], "when right arrow": ["move right"], "when ball hits paddle": ["bounce ball", "launch new ball"], "when ball hits wall": ["bounce ball", "score opponent point"], "when ball in goal": ["score point", "score point"], "when ball misses paddle": ["score opponent point", "launch new ball"]}, {"when run": ["set 'fast' ball speed"], "when left arrow": ["move left"], "when right arrow": ["move right"], "when ball hits paddle": ["bounce ball"], "when ball hits wall": ["bounce ball"], "when ball in goal": ["score point"], "when ball misses paddle": ["score opponent point"]}, {"when run": ["launch new ball"], "when left arrow": ["move left"], "when right arrow": ["move right"], "when ball hits paddle": ["bounce ball"], "when ball hits wall": ["score point"], "when ball in goal": ["score opponent point"], "when ball misses paddle": ["launch new ball"]}, {"when run": ["launch new ball", "set 'fast' ball speed", "set 'fast' paddle speed"], "when left arrow": ["move left"], "when right arrow": ["move right"], "when ball hits paddle": ["bounce ball"], "when ball hits wall": ["bounce ball"], "when ball in goal": ["score opponent point", "launch new ball"], "when ball misses paddle": ["score point"]}, {"when run": ["launch new ball", "set 'very fast' paddle speed"], "when right arrow": ["move right"], "when left arrow": ["move left"], "when ball hits paddle": ["bounce ball"], "when ball hits wall": ["launch new ball"], "when ball in goal": ["score point"], "when ball misses paddle": ["score opponent point", "launch new ball"]}, {"when run": ["set 'retro' scene", "set 'retro' ball", "set 'normal' ball speed", "set 'retro' paddle", "set 'fast' paddle speed"], "when left arrow": ["move left"], "when right arrow": ["move right"], "when ball hits paddle": ["bounce ball"], "when ball hits wall": ["bounce ball"], "when ball in goal": ["score point", "launch new ball", "launch new ball"], "when ball misses paddle": ["score opponent point"]}, {"when run": [], "when left arrow": ["move left"], "when right arrow": ["move right"], "when ball hits paddle": [], "when ball hits wall": ["bounce ball"], "when ball in goal": ["score point", "launch new ball"], "when ball misses paddle": ["score opponent point"]}, {"when run": ["launch new ball", "set 'very fast' ball speed", "set 'very fast' paddle speed"], "when right arrow": ["move right", "set 'random' scene", "set 'random' ball", "set 'random' paddle"], "when left arrow": ["score opponent point", "move left", "set 'random' scene", "set 'random' ball", "set 'random' paddle"], "when ball misses paddle": ["score opponent point", "launch new ball", "set 'random' scene", "set 'random' ball", "set 'random' paddle"], "when ball hits paddle": ["bounce ball", "set 'random' scene", "set 'random' ball", "set 'random' paddle"], "when ball hits wall": ["bounce ball", "set 'random' scene", "set 'random' ball", "set 'random' paddle"], "when ball in goal": ["score point", "launch new ball", "set 'random' scene", "set 'random' ball", "set 'random' paddle"]}, {"when run": ["launch new ball"], "when left arrow": ["move left"], "when right arrow": ["move right"], "when ball hits paddle": ["bounce ball", "launch new ball"], "when ball hits wall": ["score point"], "when ball in goal": ["score point"], "when ball misses paddle": ["score opponent point"]}, {"when run": ["launch new ball", "set 'hardcourt' scene", "set 'normal' ball speed"], "when left arrow": ["move left"], "when right arrow": ["move right"], "when ball hits paddle": ["bounce ball"], "when ball hits wall": [], "when ball in goal": ["score point"], "when ball misses paddle": ["score opponent point", "launch new ball"]}, {"when run": ["launch new ball"], "when left arrow": ["move left"], "when right arrow": ["move right"], "when ball hits paddle": ["score opponent point"], "when ball hits wall": ["bounce ball"], "when ball in goal": ["score point"], "when ball misses paddle": ["score opponent point"]}, {"when left arrow": ["move left"], "when right arrow": ["move right"], "when ball hits paddle": ["bounce ball"], "when run": ["launch new ball", "set 'retro' scene", "set 'retro' ball", "set 'very fast' ball speed", "set 'retro' paddle", "set 'fast' paddle speed"], "when ball hits wall": ["bounce ball"], "when ball in goal": ["score point", "launch new ball"], "when ball misses paddle": ["score opponent point", "score point", "launch new ball"]}, {"when run": ["launch new ball", "set 'normal' ball speed", "set 'fast' paddle speed"], "when left arrow": ["move left"], "when right arrow": ["move right"], "when ball hits paddle": ["bounce ball"], "when ball hits wall": ["bounce ball"], "when ball in goal": ["score opponent point", "launch new ball"], "when ball misses paddle": ["score point", "launch new ball"]}, {"when run": ["score opponent point", "score opponent point", "score point", "score point", "launch new ball"], "when left arrow": [], "when right arrow": [], "when ball hits paddle": [], "when ball hits wall": [], "when ball in goal": [], "when ball misses paddle": []}, {"when run": ["launch new ball"], "when left arrow": ["move left"], "when right arrow": ["move right"], "when ball hits paddle": ["launch new ball"], "when ball hits wall": ["score point"], "when ball in goal": ["score point"], "when ball misses paddle": ["score opponent point"]}, {"when run": [], "when left arrow": ["move left"], "when right arrow": ["move right"], "when ball hits paddle": ["bounce ball"], "when ball hits wall": [], "when ball in goal": ["score opponent point"], "when ball misses paddle": ["set 'normal' paddle speed"]}, {"when run": ["launch new ball"], "when left arrow": ["move left"], "when right arrow": ["move right"], "when ball hits paddle": ["bounce ball"], "when ball hits wall": ["score opponent point"], "when ball in goal": [], "when ball misses paddle": []}, {"when run": [], "when left arrow": ["move left"], "when right arrow": ["move right"], "when ball hits paddle": ["bounce ball"], "when ball hits wall": ["score opponent point"], "when ball in goal": ["launch new ball"], "when ball misses paddle": []}, {"when run": [], "when left arrow": [], "when right arrow": [], "when ball hits paddle": [], "when ball hits wall": [], "when ball in goal": ["launch new ball"], "when ball misses paddle": []}, {"when run": [], "when left arrow": ["bounce ball", "move left"], "when right arrow": ["bounce ball", "move right"], "when ball hits paddle": [], "when ball hits wall": [], "when ball in goal": [], "when ball misses paddle": []}, {"when run": ["launch new ball", "launch new ball", "launch new ball"], "when left arrow": ["move left"], "when right arrow": ["move right"], "when ball hits paddle": ["bounce ball"], "when ball hits wall": ["score point"], "when ball in goal": ["score opponent point"], "when ball misses paddle": ["score opponent point"]}, {"when run": ["launch new ball", "set 'very fast' ball speed", "set 'very fast' paddle speed"], "when left arrow": ["move left"], "when right arrow": ["move right"], "when ball hits paddle": ["bounce ball"], "when ball hits wall": ["score opponent point"], "when ball in goal": ["score point"], "when ball misses paddle": ["score opponent point"]}, {"when run": ["launch new ball", "set 'hardcourt' scene", "set 'very fast' ball speed", "set 'very fast' paddle speed"], "when left arrow": ["move left"], "when right arrow": ["move right"], "when ball hits paddle": ["bounce ball"], "when ball hits wall": ["bounce ball"], "when ball in goal": ["bounce ball", "score point"], "when ball misses paddle": ["bounce ball", "score opponent point", "launch new ball"]}, {"when run": ["launch new ball"], "when left arrow": ["move left"], "when right arrow": ["move right"], "when ball hits paddle": ["bounce ball"], "when ball hits wall": ["bounce ball"], "when ball in goal": ["score opponent point", "score point", "launch new ball"], "when ball misses paddle": ["score opponent point"]}, {"when run": ["launch new ball"], "when left arrow": ["move left"], "when right arrow": ["move right"], "when ball hits paddle": ["bounce ball", "score point"], "when ball hits wall": ["score point"], "when ball in goal": ["score point"], "when ball misses paddle": ["score point"]}, {"when run": ["launch new ball"], "when left arrow": ["move left"], "when right arrow": ["move right"], "when ball hits paddle": ["bounce ball"], "when ball hits wall": [], "when ball in goal": ["score point"], "when ball misses paddle": ["launch new ball"]}, {"when run": ["launch new ball", "set 'very fast' paddle speed"], "when left arrow": ["move left"], "when right arrow": ["move right"], "when ball hits paddle": [], "when ball hits wall": [], "when ball in goal": [], "when ball misses paddle": []}, {"when run": ["launch new ball", "set 'fast' paddle speed"], "when left arrow": ["move left"], "when right arrow": ["move right"], "when ball hits paddle": ["bounce ball", "launch new ball"], "when ball hits wall": ["bounce ball", "launch new ball"], "when ball in goal": ["score point", "launch new ball"], "when ball misses paddle": ["score opponent point", "launch new ball"]}, {"when run": ["launch new ball", "set 'very fast' ball speed", "set 'very fast' paddle speed"], "when left arrow": ["score point", "launch new ball", "move left"], "when right arrow": ["score point", "launch new ball", "move right"], "when ball hits paddle": ["bounce ball", "score point", "launch new ball"], "when ball hits wall": ["bounce ball", "score point", "launch new ball"], "when ball in goal": ["score point", "launch new ball"], "when ball misses paddle": ["score point", "launch new ball"]}, {"when run": ["score opponent point", "score point", "launch new ball", "launch new ball", "set 'normal' ball speed", "set 'normal' paddle speed"], "when left arrow": ["move left"], "when right arrow": ["move right"], "when ball hits paddle": ["bounce ball"], "when ball hits wall": ["bounce ball"], "when ball in goal": ["score point"], "when ball misses paddle": ["score opponent point"]}, {"when run": ["launch new ball"], "when left arrow": ["move left"], "when right arrow": ["move right"], "when ball hits paddle": ["bounce ball"], "when ball hits wall": ["bounce ball", "launch new ball"], "when ball in goal": ["score point"], "when ball misses paddle": ["launch new ball"]}, {"when run": ["move right"], "when left arrow": ["bounce ball"], "when right arrow": [], "when ball hits paddle": [], "when ball hits wall": [], "when ball in goal": [], "when ball misses paddle": []}, {"when run": ["launch new ball", "set 'very fast' ball speed", "set 'slow' paddle speed"], "when left arrow": ["move left"], "when right arrow": ["move right"], "when ball hits paddle": ["bounce ball"], "when ball hits wall": ["bounce ball"], "when ball in goal": ["score point"], "when ball misses paddle": ["score opponent point", "launch new ball"]}, {"when run": ["score point", "launch new ball", "launch new ball", "set 'normal' paddle speed"], "when left arrow": ["move left"], "when right arrow": ["move right"], "when ball hits paddle": ["bounce ball"], "when ball hits wall": ["bounce ball"], "when ball in goal": ["score point"], "when ball misses paddle": ["score opponent point"]}, {"when run": [], "when left arrow": ["launch new ball", "move left"], "when right arrow": ["move right"], "when ball hits paddle": ["bounce ball", "set 'fast' ball speed"], "when ball hits wall": ["bounce ball"], "when ball in goal": ["score point"], "when ball misses paddle": ["score opponent point"]}, {"when run": ["score opponent point", "score opponent point", "launch new ball"], "when left arrow": ["move left"], "when right arrow": ["move right"], "when ball hits paddle": ["bounce ball"], "when ball hits wall": ["bounce ball"], "when ball in goal": ["score point"], "when ball misses paddle": ["launch new ball"]}, {"when run": ["launch new ball", "set 'retro' scene", "set 'retro' ball", "set 'normal' ball speed", "set 'retro' paddle", "set 'fast' paddle speed"], "when left arrow": ["move left"], "when right arrow": ["move right"], "when ball hits paddle": ["bounce ball"], "when ball hits wall": ["bounce ball"], "when ball in goal": ["score opponent point"], "when ball misses paddle": []}, {"when run": [], "when left arrow": ["move left"], "when right arrow": ["launch new ball", "move right"], "when ball hits paddle": ["bounce ball", "launch new ball"], "when ball hits wall": ["bounce ball"], "when ball in goal": ["score point"], "when ball misses paddle": ["score opponent point"]}, {"when run": ["launch new ball", "set 'retro' scene", "set 'retro' ball", "set 'retro' paddle", "set 'fast' paddle speed"], "when left arrow": ["move left"], "when right arrow": ["move right"], "when ball hits paddle": ["bounce ball"], "when ball hits wall": ["bounce ball"], "when ball in goal": ["bounce ball", "score point", "launch new ball"], "when ball misses paddle": ["score opponent point", "launch new ball"]}, {"when run": [], "when left arrow": ["move left"], "when right arrow": ["move right"], "when ball hits paddle": ["bounce ball"], "when ball hits wall": ["score opponent point"], "when ball in goal": ["score point"], "when ball misses paddle": ["launch new ball"]}, {"when run": [], "when left arrow": ["score point"], "when right arrow": ["score point"], "when ball hits paddle": ["score point"], "when ball hits wall": ["score point"], "when ball in goal": ["score point"], "when ball misses paddle": []}, {"when run": ["launch new ball", "set 'very fast' paddle speed"], "when left arrow": ["launch new ball", "move left"], "when right arrow": ["move right"], "when ball hits paddle": ["bounce ball"], "when ball hits wall": ["bounce ball"], "when ball in goal": ["score point"], "when ball misses paddle": ["score opponent point"]}, {"when run": ["launch new ball", "set 'retro' scene", "set 'retro' ball", "set 'normal' ball speed", "set 'retro' paddle", "set 'fast' paddle speed"], "when left arrow": ["move left"], "when right arrow": ["move right"], "when ball hits paddle": ["bounce ball"], "when ball hits wall": ["bounce ball"], "when ball in goal": ["score point", "launch new ball"], "when ball misses paddle": ["score point", "launch new ball"]}, {"when run": ["score point", "launch new ball"], "when right arrow": ["move right"], "when left arrow": ["move left"], "when ball hits paddle": ["bounce ball"], "when ball hits wall": ["bounce ball"], "when ball in goal": ["score opponent point", "launch new ball"], "when ball misses paddle": []}, {"when run": ["launch new ball", "set 'very fast' ball speed"], "when left arrow": ["move left"], "when right arrow": ["move right"], "when ball hits paddle": ["bounce ball"], "when ball hits wall": ["bounce ball"], "when ball in goal": ["score point"], "when ball misses paddle": ["score point"]}, {"when run": ["launch new ball", "set 'fast' paddle speed"], "when left arrow": ["move left"], "when right arrow": ["move right"], "when ball hits paddle": ["bounce ball"], "when ball hits wall": ["bounce ball"], "when ball in goal": ["score point"], "when ball misses paddle": ["score opponent point"]}, {"when run": ["bounce ball", "move left", "move right"], "when left arrow": [], "when right arrow": [], "when ball hits paddle": [], "when ball hits wall": [], "when ball in goal": [], "when ball misses paddle": []}, {"when run": ["launch new ball"], "when left arrow": ["move left"], "when right arrow": ["move right"], "when ball hits paddle": ["bounce ball"], "when ball hits wall": ["score opponent point", "launch new ball"], "when ball in goal": ["score point"], "when ball misses paddle": ["bounce ball"]}, {"when run": ["launch new ball", "set 'very fast' paddle speed"], "when left arrow": ["move left"], "when right arrow": ["move right"], "when ball hits paddle": ["bounce ball", "launch new ball"], "when ball hits wall": ["bounce ball", "launch new ball"], "when ball in goal": ["score point", "launch new ball"], "when ball misses paddle": ["score opponent point"]}, {"when run": ["launch new ball"], "when left arrow": ["move left", "set 'normal' paddle speed"], "when right arrow": ["move right"], "when ball hits paddle": ["bounce ball"], "when ball hits wall": ["launch new ball", "set 'very fast' ball speed"], "when ball in goal": ["score point"], "when ball misses paddle": ["score opponent point", "set 'random' paddle"]}, {"when run": [], "when left arrow": ["move left"], "when right arrow": ["move right"], "when ball hits paddle": ["bounce ball"], "when ball hits wall": ["bounce ball"], "when ball in goal": ["score point", "launch new ball"], "when ball misses paddle": ["score opponent point", "score point", "launch new ball"]}, {"when run": ["launch new ball", "set 'retro' scene", "set 'retro' ball", "set 'very fast' ball speed", "set 'retro' paddle", "set 'fast' paddle speed"], "when right arrow": ["move right"], "when left arrow": ["move left"], "when ball hits paddle": ["bounce ball", "score point"], "when ball hits wall": ["bounce ball"], "when ball in goal": ["score point", "launch new ball"], "when ball misses paddle": ["score opponent point", "launch new ball"]}, {"when run": ["launch new ball"], "when left arrow": ["launch new ball", "move right"], "when right arrow": ["launch new ball", "move left"], "when ball hits paddle": ["bounce ball"], "when ball hits wall": ["bounce ball"], "when ball in goal": ["score point"], "when ball misses paddle": ["score opponent point"]}, {"when run": ["bounce ball", "launch new ball"], "when left arrow": ["move left"], "when right arrow": ["move right"], "when ball hits paddle": [], "when ball hits wall": ["launch new ball"], "when ball in goal": ["score point"], "when ball misses paddle": ["score opponent point"]}, {"when run": ["launch new ball", "set 'very fast' ball speed", "set 'very fast' paddle speed"], "when left arrow": ["move left"], "when right arrow": ["move right"], "when ball hits paddle": ["bounce ball"], "when ball hits wall": ["bounce ball"], "when ball in goal": ["score opponent point", "score point", "launch new ball"], "when ball misses paddle": ["launch new ball"]}, {"when run": ["launch new ball"], "when left arrow": ["move left"], "when right arrow": ["move right"], "when ball hits paddle": ["bounce ball"], "when ball hits wall": [], "when ball in goal": ["score point"], "when ball misses paddle": ["score opponent point", "launch new ball"]}, {"when run": ["launch new ball"], "when left arrow": ["move left"], "when right arrow": ["move right"], "when ball hits paddle": [], "when ball hits wall": [], "when ball in goal": [], "when ball misses paddle": ["launch new ball"]}, {"when run": ["launch new ball", "set 'normal' ball speed", "set 'normal' paddle speed"], "when left arrow": ["move left"], "when right arrow": ["move right"], "when ball hits paddle": ["bounce ball"], "when ball hits wall": [], "when ball in goal": ["score point"], "when ball misses paddle": ["score opponent point", "launch new ball"]}, {"when run": ["launch new ball", "set 'retro' scene", "set 'retro' ball", "set 'retro' paddle", "set 'fast' paddle speed", "set 'normal' paddle speed"], "when left arrow": ["move left"], "when right arrow": ["move right"], "when ball hits paddle": ["bounce ball"], "when ball hits wall": ["bounce ball"], "when ball in goal": ["score point", "launch new ball", "launch new ball"], "when ball misses paddle": ["score opponent point"]}, {"when run": ["launch new ball", "set 'random' scene", "set 'fast' ball speed", "set 'very fast' paddle speed"], "when left arrow": ["move left"], "when right arrow": ["move right"], "when ball hits paddle": ["bounce ball"], "when ball hits wall": ["bounce ball", "score opponent point"], "when ball in goal": ["score point", "launch new ball"], "when ball misses paddle": []}, {"when run": ["launch new ball", "set 'very fast' paddle speed"], "when left arrow": ["score point", "move left"], "when right arrow": ["score point", "move right"], "when ball hits paddle": ["bounce ball", "score point"], "when ball hits wall": ["bounce ball", "score point"], "when ball in goal": ["score point", "launch new ball"], "when ball misses paddle": ["score point", "launch new ball"]}, {"when run": ["launch new ball", "set 'normal' ball speed"], "when left arrow": ["move left"], "when right arrow": ["move right"], "when ball hits paddle": ["bounce ball"], "when ball hits wall": ["bounce ball", "launch new ball"], "when ball in goal": ["score point", "set 'hardcourt' scene"], "when ball misses paddle": ["score opponent point", "launch new ball"]}, {"when run": ["score point", "launch new ball"], "when left arrow": ["move left"], "when right arrow": ["move right"], "when ball hits paddle": ["bounce ball"], "when ball hits wall": ["bounce ball"], "when ball in goal": [], "when ball misses paddle": ["score opponent point"]}, {"when run": ["move left"], "when left arrow": ["move left"], "when right arrow": ["move right"], "when ball hits paddle": [], "when ball hits wall": [], "when ball in goal": [], "when ball misses paddle": []}, {"when run": ["launch new ball", "set 'normal' ball speed", "set 'normal' paddle speed"], "when left arrow": ["move left"], "when right arrow": ["move right"], "when ball hits paddle": ["bounce ball"], "when ball hits wall": ["bounce ball"], "when ball in goal": ["score point", "launch new ball"], "when ball misses paddle": ["score opponent point", "score point"]}, {"when run": ["set 'normal' ball speed"], "when left arrow": ["launch new ball", "move left"], "when right arrow": ["launch new ball", "move right"], "when ball hits paddle": ["bounce ball"], "when ball hits wall": ["bounce ball"], "when ball in goal": ["score point"], "when ball misses paddle": ["score opponent point"]}, {"when run": ["launch new ball"], "when left arrow": ["move left"], "when right arrow": ["move right"], "when ball hits paddle": ["bounce ball"], "when ball hits wall": ["bounce ball"], "when ball in goal": ["score opponent point", "score point", "launch new ball"], "when ball misses paddle": ["score opponent point", "score point"]}, {"when run": [], "when left arrow": ["launch new ball", "move left"], "when right arrow": ["launch new ball", "move right"], "when ball hits paddle": ["launch new ball"], "when ball hits wall": ["launch new ball"], "when ball in goal": ["launch new ball"], "when ball misses paddle": ["launch new ball"]}, {"when run": ["launch new ball"], "when left arrow": ["move left"], "when right arrow": ["move right"], "when ball hits paddle": ["score opponent point"], "when ball hits wall": ["score point"], "when ball in goal": ["score point"], "when ball misses paddle": []}, {"when run": ["launch new ball", "set 'very fast' paddle speed"], "when left arrow": ["move left"], "when right arrow": ["move right"], "when ball hits paddle": ["bounce ball", "launch new ball"], "when ball hits wall": ["bounce ball", "launch new ball"], "when ball in goal": ["score point", "launch new ball"], "when ball misses paddle": ["score opponent point", "launch new ball"]}, {"when run": [], "when left arrow": ["move left"], "when right arrow": ["move right"], "when ball hits paddle": ["bounce ball"], "when ball hits wall": ["bounce ball"], "when ball in goal": ["score opponent point", "score point"], "when ball misses paddle": ["score opponent point"]}, {"when run": ["launch new ball", "set 'normal' paddle speed"], "when left arrow": ["move left"], "when right arrow": ["move right"], "when ball hits paddle": ["bounce ball"], "when ball hits wall": ["bounce ball"], "when ball in goal": ["score point"], "when ball misses paddle": ["score opponent point", "launch new ball"]}, {"when run": ["bounce ball", "launch new ball", "launch new ball"], "when left arrow": ["move left"], "when right arrow": ["move right"], "when ball hits paddle": [], "when ball hits wall": [], "when ball in goal": ["score point"], "when ball misses paddle": ["score opponent point"]}, {"when run": [], "when left arrow": ["launch new ball", "move right"], "when right arrow": ["move left"], "when ball hits paddle": ["bounce ball"], "when ball hits wall": ["bounce ball"], "when ball in goal": ["score point"], "when ball misses paddle": ["score opponent point"]}, {"when run": [], "when left arrow": ["move left"], "when right arrow": ["move right"], "when ball hits paddle": ["bounce ball"], "when ball hits wall": [], "when ball in goal": ["score opponent point", "score point"], "when ball misses paddle": ["launch new ball"]}, {"when run": ["launch new ball"], "when left arrow": ["move left"], "when right arrow": ["move right"], "when ball hits paddle": ["score point"], "when ball hits wall": ["score point"], "when ball in goal": ["score point"], "when ball misses paddle": ["score point", "launch new ball"]}, {"when run": ["launch new ball", "set 'fast' ball speed"], "when left arrow": ["move left"], "when right arrow": ["move right"], "when ball hits paddle": ["bounce ball", "launch new ball"], "when ball hits wall": ["bounce ball", "launch new ball"], "when ball in goal": ["score point", "launch new ball"], "when ball misses paddle": ["score opponent point", "launch new ball"]}, {"when run": ["launch new ball", "set 'random' ball", "set 'very fast' ball speed", "set 'random' paddle", "set 'very fast' paddle speed"], "when left arrow": ["move left"], "when right arrow": ["move right"], "when ball hits paddle": ["bounce ball"], "when ball hits wall": ["score point"], "when ball in goal": ["score point", "launch new ball"], "when ball misses paddle": ["score opponent point", "launch new ball"]}, {"when run": ["launch new ball", "set 'very fast' ball speed", "set 'very fast' paddle speed"], "when left arrow": ["launch new ball", "move left"], "when right arrow": ["launch new ball", "move right"], "when ball hits paddle": ["bounce ball"], "when ball hits wall": ["bounce ball"], "when ball in goal": ["score point"], "when ball misses paddle": ["score opponent point"]}, {"when run": ["launch new ball"], "when left arrow": [], "when right arrow": [], "when ball hits paddle": ["bounce ball"], "when ball hits wall": ["bounce ball"], "when ball in goal": ["score point"], "when ball misses paddle": ["score opponent point"]}, {"when run": ["launch new ball", "set 'normal' ball speed", "set 'very fast' paddle speed"], "when right arrow": ["move right"], "when left arrow": ["move left"], "when ball hits paddle": ["bounce ball", "score point"], "when ball hits wall": ["bounce ball", "score point"], "when ball in goal": ["score point", "launch new ball"], "when ball misses paddle": ["score opponent point", "launch new ball"]}, {"when run": ["launch new ball", "set 'very fast' ball speed"], "when left arrow": ["move left"], "when right arrow": ["move right"], "when ball hits paddle": ["bounce ball"], "when ball hits wall": ["bounce ball"], "when ball in goal": ["score opponent point", "score point"], "when ball misses paddle": ["launch new ball"]}, {"when run": [], "when left arrow": ["launch new ball", "move left"], "when right arrow": ["launch new ball", "move right"], "when ball hits paddle": ["bounce ball", "score point"], "when ball hits wall": ["bounce ball"], "when ball in goal": ["score point"], "when ball misses paddle": ["score opponent point"]}, {"when run": ["launch new ball", "set 'slow' ball speed", "set 'very fast' paddle speed"], "when left arrow": ["move left"], "when right arrow": ["move right"], "when ball hits paddle": ["bounce ball"], "when ball hits wall": ["bounce ball"], "when ball in goal": ["score point", "launch new ball", "launch new ball"], "when ball misses paddle": ["score opponent point"]}, {"when run": [], "when left arrow": ["launch new ball", "move left"], "when right arrow": ["move right"], "when ball hits paddle": ["bounce ball"], "when ball hits wall": ["bounce ball"], "when ball in goal": ["score point"], "when ball misses paddle": ["score opponent point"]}, {"when run": ["launch new ball"], "when left arrow": ["move left"], "when right arrow": ["move right"], "when ball hits paddle": ["bounce ball"], "when ball hits wall": ["score opponent point", "launch new ball"], "when ball in goal": ["score point", "launch new ball"], "when ball misses paddle": ["score opponent point", "launch new ball"]}, {"when run": ["launch new ball", "set 'slow' paddle speed"], "when left arrow": ["move left"], "when right arrow": ["move right"], "when ball hits paddle": ["bounce ball"], "when ball hits wall": ["bounce ball"], "when ball in goal": ["score point"], "when ball misses paddle": ["score opponent point"]}, {"when run": ["launch new ball", "launch new ball", "set 'hardcourt' scene", "set 'normal' ball speed"], "when right arrow": ["move right"], "when left arrow": ["move left"], "when ball hits paddle": ["bounce ball"], "when ball hits wall": ["bounce ball"], "when ball in goal": ["score opponent point", "score point"], "when ball misses paddle": ["score opponent point", "score point"]}, {"when run": ["set 'very fast' ball speed"], "when left arrow": [], "when right arrow": [], "when ball hits paddle": [], "when ball hits wall": [], "when ball in goal": [], "when ball misses paddle": []}, {"when run": ["bounce ball", "launch new ball", "launch new ball", "set 'random' scene", "set 'normal' ball speed"], "when left arrow": ["move left"], "when right arrow": ["move right"], "when ball hits paddle": ["bounce ball"], "when ball hits wall": ["bounce ball"], "when ball in goal": ["score point"], "when ball misses paddle": ["score opponent point"]}, {"when run": ["launch new ball", "set 'very fast' ball speed"], "when left arrow": ["move left"], "when right arrow": ["move right"], "when ball hits paddle": ["bounce ball"], "when ball hits wall": ["bounce ball"], "when ball in goal": ["score point", "launch new ball"], "when ball misses paddle": ["launch new ball"]}, {"when run": [], "when left arrow": ["move left"], "when right arrow": ["move right"], "when ball hits paddle": ["bounce ball"], "when ball hits wall": ["bounce ball"], "when ball in goal": ["score point"], "when ball misses paddle": ["score opponent point", "launch new ball"]}, {"when run": ["launch new ball"], "when left arrow": ["move left"], "when right arrow": ["move right"], "when ball hits paddle": ["score point"], "when ball hits wall": ["score point"], "when ball in goal": [], "when ball misses paddle": []}, {"when run": ["launch new ball"], "when left arrow": ["move left"], "when right arrow": ["move right"], "when ball hits paddle": ["launch new ball", "set 'normal' paddle speed"], "when ball hits wall": ["bounce ball"], "when ball in goal": ["score point"], "when ball misses paddle": ["score opponent point"]}, {"when run": ["launch new ball", "set 'retro' scene", "set 'retro' ball", "set 'fast' ball speed", "set 'fast' ball speed", "set 'retro' paddle"], "when ball hits paddle": ["bounce ball"], "when left arrow": ["move left"], "when right arrow": ["move right"], "when ball hits wall": ["bounce ball"], "when ball in goal": ["score point", "launch new ball"], "when ball misses paddle": ["score opponent point", "score point", "launch new ball"]}, {"when run": ["launch new ball"], "when left arrow": ["launch new ball", "move left"], "when right arrow": ["launch new ball", "move right"], "when ball hits paddle": ["bounce ball", "launch new ball"], "when ball hits wall": ["bounce ball", "launch new ball"], "when ball in goal": ["bounce ball", "launch new ball"], "when ball misses paddle": ["bounce ball", "launch new ball"]}, {"when run": [], "when left arrow": [], "when right arrow": [], "when ball hits paddle": [], "when ball hits wall": [], "when ball in goal": [], "when ball misses paddle": ["score opponent point", "launch new ball"]}, {"when run": ["launch new ball", "launch new ball", "set 'fast' ball speed", "set 'fast' paddle speed"], "when left arrow": ["move left"], "when right arrow": ["move right"], "when ball hits paddle": ["bounce ball"], "when ball hits wall": ["bounce ball"], "when ball in goal": ["score opponent point", "score point"], "when ball misses paddle": ["launch new ball"]}, {"when run": ["launch new ball"], "when left arrow": ["move left"], "when right arrow": ["move right"], "when ball hits paddle": ["score point"], "when ball hits wall": ["bounce ball"], "when ball in goal": ["score point"], "when ball misses paddle": ["score opponent point", "launch new ball"]}, {"when run": ["launch new ball"], "when left arrow": ["move left"], "when right arrow": ["move right"], "when ball hits paddle": ["bounce ball", "launch new ball"], "when ball hits wall": ["score opponent point"], "when ball in goal": ["score point"], "when ball misses paddle": ["score opponent point"]}, {"when run": ["launch new ball", "set 'fast' ball speed"], "when left arrow": ["move left"], "when right arrow": ["move right"], "when ball hits paddle": ["bounce ball"], "when ball hits wall": ["bounce ball", "launch new ball"], "when ball in goal": ["score point"], "when ball misses paddle": ["score opponent point", "launch new ball"]}, {"when run": ["launch new ball"], "when left arrow": ["move left"], "when right arrow": ["move right"], "when ball hits paddle": ["score point"], "when ball hits wall": ["score point"], "when ball in goal": ["score point", "launch new ball"], "when ball misses paddle": ["score opponent point", "launch new ball"]}, {"when run": ["launch new ball", "set 'retro' scene", "set 'retro' ball", "set 'very fast' ball speed", "set 'retro' paddle", "set 'very fast' paddle speed"], "when right arrow": ["move right"], "when ball hits paddle": ["launch new ball"], "when left arrow": ["move left"], "when ball hits wall": ["bounce ball"], "when ball in goal": ["score point", "launch new ball"], "when ball misses paddle": ["score opponent point", "launch new ball"]}, {"when run": ["launch new ball", "set 'normal' ball speed", "set 'normal' paddle speed"], "when left arrow": ["move left"], "when right arrow": ["move right"], "when ball hits paddle": ["bounce ball", "launch new ball"], "when ball hits wall": ["bounce ball", "launch new ball"], "when ball in goal": ["score point"], "when ball misses paddle": ["score opponent point"]}, {"when run": ["launch new ball", "launch new ball", "launch new ball", "launch new ball", "launch new ball", "launch new ball"], "when ball hits wall": ["bounce ball", "score point"], "when right arrow": ["move right"], "when left arrow": ["move left"], "when ball in goal": ["score point", "launch new ball"], "when ball hits paddle": ["bounce ball", "launch new ball"], "when ball misses paddle": ["score opponent point", "launch new ball", "launch new ball", "launch new ball"]}, {"when run": ["launch new ball", "set 'retro' scene", "set 'retro' ball", "set 'normal' ball speed", "set 'retro' paddle", "set 'fast' paddle speed"], "when left arrow": ["move left"], "when right arrow": ["move right"], "when ball hits paddle": ["bounce ball"], "when ball hits wall": ["bounce ball"], "when ball in goal": ["score point", "launch new ball", "launch new ball"], "when ball misses paddle": ["bounce ball"]}, {"when run": ["bounce ball"], "when left arrow": ["move left"], "when right arrow": ["move right"], "when ball hits paddle": ["bounce ball"], "when ball hits wall": ["bounce ball"], "when ball in goal": ["score point", "launch new ball"], "when ball misses paddle": ["score opponent point", "launch new ball"]}, {"when run": ["launch new ball"], "when left arrow": ["move left"], "when right arrow": ["move right"], "when ball hits paddle": ["launch new ball"], "when ball hits wall": ["bounce ball", "score opponent point"], "when ball in goal": ["score point"], "when ball misses paddle": ["set 'retro' ball"]}, {"when run": ["launch new ball", "set 'random' scene", "set 'random' ball", "set 'random' ball speed", "set 'random' paddle", "set 'random' paddle speed"], "when ball in goal": ["score point", "launch new ball", "set 'random' scene", "set 'random' ball", "set 'random' ball speed", "set 'random' paddle", "set 'random' paddle speed"], "when left arrow": ["launch new ball", "move left", "set 'random' scene", "set 'random' ball", "set 'random' ball speed", "set 'random' paddle", "set 'random' paddle speed"], "when right arrow": ["launch new ball", "move right", "set 'random' scene", "set 'random' ball", "set 'random' ball speed", "set 'random' paddle", "set 'random' paddle speed"], "when ball hits paddle": ["bounce ball", "launch new ball", "set 'random' scene", "set 'random' ball", "set 'random' ball speed", "set 'random' paddle", "set 'random' paddle speed"], "when ball hits wall": ["bounce ball", "launch new ball", "set 'random' scene", "set 'random' ball", "set 'random' ball speed", "set 'random' paddle", "set 'random' paddle speed"], "when ball misses paddle": ["score opponent point", "launch new ball", "set 'random' scene", "set 'random' ball", "set 'random' ball speed", "set 'random' paddle", "set 'random' paddle speed"]}, {"when run": ["set 'fast' ball speed", "set 'very fast' paddle speed"], "when left arrow": ["launch new ball", "move left"], "when right arrow": ["launch new ball", "move right"], "when ball hits paddle": ["bounce ball"], "when ball hits wall": ["bounce ball"], "when ball in goal": ["score point"], "when ball misses paddle": ["score opponent point"]}, {"when run": ["launch new ball", "launch new ball", "set 'hardcourt' scene"], "when left arrow": ["move left"], "when right arrow": ["move right"], "when ball hits paddle": ["bounce ball"], "when ball hits wall": ["move left"], "when ball in goal": ["score point"], "when ball misses paddle": ["score opponent point"]}, {"when run": ["launch new ball", "set 'fast' ball speed", "set 'normal' paddle speed"], "when left arrow": ["move left"], "when right arrow": ["move right"], "when ball hits paddle": ["bounce ball"], "when ball hits wall": ["bounce ball", "launch new ball"], "when ball in goal": ["score point", "launch new ball"], "when ball misses paddle": ["score opponent point", "launch new ball"]}, {"when run": ["launch new ball"], "when left arrow": ["move left"], "when right arrow": ["move right"], "when ball hits paddle": ["bounce ball", "launch new ball"], "when ball hits wall": ["bounce ball"], "when ball in goal": ["score point"], "when ball misses paddle": ["score opponent point"]}, {"when run": ["launch new ball", "set 'retro' scene", "set 'retro' ball", "set 'very slow' ball speed", "set 'retro' paddle"], "when left arrow": ["move left"], "when right arrow": ["launch new ball", "move right", "set 'very fast' paddle speed"], "when ball hits paddle": ["bounce ball"], "when ball hits wall": ["bounce ball"], "when ball in goal": ["score point", "launch new ball"], "when ball misses paddle": ["score opponent point", "launch new ball"]}, {"when run": ["launch new ball", "set 'retro' scene", "set 'retro' ball", "set 'very slow' ball speed", "set 'retro' paddle", "set 'fast' paddle speed"], "when left arrow": ["move left"], "when right arrow": ["move right"], "when ball hits paddle": ["bounce ball"], "when ball hits wall": ["bounce ball"], "when ball in goal": ["score point", "launch new ball", "launch new ball"], "when ball misses paddle": ["score opponent point"]}, {"when run": ["launch new ball"], "when left arrow": ["move left"], "when right arrow": ["move right"], "when ball hits paddle": ["bounce ball"], "when ball hits wall": ["bounce ball"], "when ball in goal": ["bounce ball", "score point", "launch new ball"], "when ball misses paddle": ["score opponent point", "launch new ball"]}, {"when run": ["launch new ball"], "when left arrow": ["move left"], "when right arrow": ["move right"], "when ball hits paddle": ["bounce ball"], "when ball hits wall": ["bounce ball"], "when ball in goal": ["bounce ball", "score point"], "when ball misses paddle": ["bounce ball", "score opponent point", "launch new ball"]}, {"when run": ["launch new ball"], "when left arrow": ["score opponent point", "move left"], "when right arrow": ["score opponent point", "move right"], "when ball hits paddle": ["bounce ball"], "when ball hits wall": ["score opponent point"], "when ball in goal": ["score point"], "when ball misses paddle": ["score opponent point"]}, {"when run": ["launch new ball"], "when left arrow": ["move left"], "when right arrow": ["launch new ball", "move right"], "when ball hits paddle": ["bounce ball"], "when ball hits wall": ["bounce ball"], "when ball in goal": ["score point", "launch new ball"], "when ball misses paddle": ["score opponent point"]}, {"when run": ["launch new ball", "set 'retro' scene", "set 'retro' ball", "set 'slow' ball speed", "set 'random' paddle", "set 'very fast' paddle speed"], "when left arrow": ["move left"], "when right arrow": ["move right"], "when ball hits paddle": ["bounce ball", "launch new ball"], "when ball hits wall": ["bounce ball", "launch new ball", "launch new ball", "launch new ball"], "when ball in goal": ["score point", "launch new ball", "launch new ball"], "when ball misses paddle": ["score opponent point", "launch new ball", "launch new ball"]}, {"when run": ["launch new ball", "set 'fast' paddle speed"], "when left arrow": ["move left"], "when right arrow": ["move right"], "when ball hits paddle": ["bounce ball"], "when ball hits wall": ["bounce ball"], "when ball in goal": ["score point"], "when ball misses paddle": ["score opponent point", "launch new ball"]}, {"when run": ["launch new ball"], "when left arrow": ["launch new ball", "move left"], "when right arrow": ["launch new ball", "move right"], "when ball hits paddle": [], "when ball hits wall": [], "when ball in goal": [], "when ball misses paddle": []}, {"when run": ["launch new ball", "set 'normal' ball speed", "set 'normal' paddle speed"], "when left arrow": ["move left"], "when right arrow": ["move right"], "when ball hits paddle": ["bounce ball"], "when ball hits wall": [], "when ball in goal": ["score point", "launch new ball"], "when ball misses paddle": ["score opponent point", "launch new ball"]}, {"when run": ["launch new ball", "set 'fast' ball speed", "set 'fast' paddle speed"], "when left arrow": ["move right"], "when right arrow": ["move left"], "when ball hits paddle": ["bounce ball"], "when ball hits wall": ["bounce ball"], "when ball in goal": ["score point", "launch new ball"], "when ball misses paddle": ["score opponent point", "launch new ball"]}, {"when run": ["launch new ball", "set 'retro' scene", "set 'retro' ball", "set 'normal' ball speed", "set 'retro' paddle", "set 'fast' paddle speed"], "when left arrow": ["move left"], "when right arrow": ["move right"], "when ball hits paddle": ["bounce ball"], "when ball hits wall": ["bounce ball"], "when ball in goal": ["score point", "launch new ball", "launch new ball"], "when ball misses paddle": ["score point"]}, {"when run": ["launch new ball", "set 'retro' scene"], "when left arrow": ["move left"], "when right arrow": ["move right"], "when ball hits paddle": ["bounce ball", "score point"], "when ball hits wall": ["bounce ball"], "when ball in goal": ["bounce ball", "score point"], "when ball misses paddle": ["score opponent point", "launch new ball"]}]