[{"when run": ["launch new ball", "set 'random' ball speed", "set 'fast' paddle speed"], "when left arrow": ["move left"], "when right arrow": ["move right"], "when ball hits paddle": ["bounce ball"], "when ball hits wall": ["bounce ball"], "when ball in goal": ["score point", "launch new ball"], "when ball misses paddle": ["score opponent point", "launch new ball"]}, {"when run": ["launch new ball", "set 'normal' ball speed", "set 'fast' paddle speed"], "when left arrow": ["move left"], "when right arrow": ["move right"], "when ball hits paddle": ["bounce ball"], "when ball hits wall": ["bounce ball"], "when ball in goal": ["score point", "launch new ball"], "when ball misses paddle": ["bounce ball", "score opponent point", "launch new ball"]}, {"when run": ["launch new ball"], "when left arrow": ["move left"], "when right arrow": ["move right"], "when ball hits paddle": ["bounce ball"], "when ball hits wall": ["bounce ball"], "when ball in goal": ["score point", "launch new ball", "set 'fast' ball speed"], "when ball misses paddle": ["score opponent point", "launch new ball"]}, {"when run": ["bounce ball", "launch new ball", "set 'fast' ball speed"], "when left arrow": ["move left"], "when right arrow": ["move right"], "when ball hits paddle": ["bounce ball", "set 'hardcourt' paddle"], "when ball hits wall": ["bounce ball", "set 'hardcourt' scene"], "when ball in goal": ["score point", "launch new ball"], "when ball misses paddle": ["score opponent point", "launch new ball"]}, {"when run": ["launch new ball", "set 'hardcourt' scene"], "when left arrow": ["move left"], "when right arrow": ["move right"], "when ball hits paddle": ["bounce ball"], "when ball hits wall": ["bounce ball"], "when ball in goal": ["score point", "launch new ball", "set 'very fast' paddle speed"], "when ball misses paddle": ["score opponent point", "launch new ball", "set 'normal' ball speed"]}, {"when run": ["launch new ball"], "when left arrow": ["move left"], "when right arrow": ["move right"], "when ball hits paddle": ["bounce ball", "set 'very fast' paddle speed"], "when ball hits wall": ["bounce ball", "set 'very fast' paddle speed"], "when ball in goal": ["score point", "launch new ball"], "when ball misses paddle": ["score opponent point", "launch new ball"]}, {"when run": ["launch new ball", "set 'retro' scene", "set 'retro' ball", "set 'retro' paddle"], "when left arrow": ["move left"], "when right arrow": ["move right"], "when ball hits paddle": ["bounce ball"], "when ball hits wall": ["bounce ball"], "when ball in goal": ["score point", "launch new ball", "set 'slow' ball speed", "set 'fast' paddle speed"], "when ball misses paddle": ["score opponent point", "launch new ball", "set 'fast' ball speed", "set 'slow' paddle speed"]}, {"when run": ["launch new ball"], "when right arrow": ["move right", "set 'random' paddle speed"], "when left arrow": ["move left", "set 'random' paddle speed"], "when ball hits paddle": ["bounce ball", "set 'random' ball", "set 'random' ball speed"], "when ball hits wall": ["bounce ball", "set 'random' paddle"], "when ball in goal": ["score point", "launch new ball", "set 'random' scene"], "when ball misses paddle": ["score opponent point", "launch new ball", "set 'random' scene", "set 'random' paddle"]}, {"when run": ["launch new ball", "set 'random' scene", "set 'random' ball", "set 'slow' ball speed", "set 'normal' paddle speed"], "when left arrow": ["move left"], "when right arrow": ["move right"], "when ball hits paddle": ["bounce ball"], "when ball hits wall": ["bounce ball"], "when ball in goal": ["score point", "launch new ball"], "when ball misses paddle": ["score opponent point", "launch new ball"]}, {"when run": ["launch new ball"], "when left arrow": ["move left", "set 'fast' paddle speed"], "when right arrow": ["move right", "set 'fast' paddle speed"], "when ball hits paddle": ["bounce ball", "set 'fast' ball speed"], "when ball hits wall": ["bounce ball"], "when ball in goal": ["score point", "launch new ball"], "when ball misses paddle": ["score opponent point", "launch new ball"]}, {"when run": ["launch new ball", "set 'normal' paddle speed"], "when left arrow": ["move left"], "when right arrow": ["move right"], "when ball hits paddle": ["bounce ball"], "when ball hits wall": ["bounce ball"], "when ball in goal": ["score point", "launch new ball", "set 'fast' ball speed"], "when ball misses paddle": ["score opponent point", "launch new ball"]}, {"when run": ["launch new ball"], "when left arrow": ["move left"], "when right arrow": ["move right"], "when ball hits paddle": ["bounce ball"], "when ball hits wall": ["bounce ball"], "when ball in goal": ["score point", "launch new ball"], "when ball misses paddle": ["score opponent point", "launch new ball", "set 'very fast' ball speed"]}, {"when run": ["launch new ball", "set 'hardcourt' paddle", "set 'very fast' paddle speed"], "when left arrow": ["move left", "set 'very fast' paddle speed"], "when right arrow": ["move right", "set 'very fast' paddle speed"], "when ball hits paddle": ["bounce ball", "set 'very fast' paddle speed"], "when ball hits wall": ["bounce ball", "set 'very fast' paddle speed"], "when ball in goal": ["score point", "launch new ball", "set 'hardcourt' scene"], "when ball misses paddle": ["score opponent point", "launch new ball", "set 'hardcourt' ball"]}, {"when run": ["launch new ball", "set 'fast' paddle speed"], "when left arrow": ["move left"], "when right arrow": ["move right"], "when ball hits paddle": ["bounce ball"], "when ball hits wall": ["bounce ball"], "when ball in goal": ["score point", "launch new ball"], "when ball misses paddle": ["bounce ball", "score opponent point", "launch new ball"]}, {"when run": ["launch new ball", "set 'fast' ball speed", "set 'very fast' paddle speed"], "when left arrow": ["move left"], "when right arrow": ["move right"], "when ball hits paddle": ["bounce ball"], "when ball hits wall": ["bounce ball"], "when ball in goal": ["score point", "launch new ball"], "when ball misses paddle": ["score opponent point", "launch new ball"]}, {"when run": ["launch new ball"], "when left arrow": ["move left"], "when right arrow": ["move right"], "when ball hits paddle": ["bounce ball", "set 'normal' paddle speed"], "when ball hits wall": ["bounce ball", "set 'normal' paddle speed"], "when ball in goal": ["score point", "launch new ball"], "when ball misses paddle": ["score opponent point", "launch new ball"]}, {"when run": ["launch new ball", "set 'random' scene", "set 'random' ball speed", "set 'random' paddle"], "when left arrow": ["move left"], "when right arrow": ["move right"], "when ball hits paddle": ["bounce ball"], "when ball hits wall": ["bounce ball"], "when ball in goal": ["score point", "launch new ball", "set 'random' ball speed"], "when ball misses paddle": ["score opponent point", "launch new ball"]}, {"when run": ["launch new ball"], "when left arrow": ["move left"], "when right arrow": ["move right"], "when ball hits paddle": ["bounce ball", "set 'random' ball speed"], "when ball hits wall": ["bounce ball", "set 'random' ball speed"], "when ball in goal": ["score point", "launch new ball"], "when ball misses paddle": ["score opponent point", "launch new ball"]}, {"when run": ["launch new ball", "set 'random' ball speed", "set 'random' paddle speed"], "when left arrow": ["move left"], "when right arrow": ["move right"], "when ball hits paddle": ["bounce ball", "set 'random' scene", "set 'random' ball", "set 'random' ball speed", "set 'random' paddle", "set 'random' paddle speed"], "when ball hits wall": ["bounce ball", "set 'random' scene", "set 'random' ball", "set 'random' ball speed", "set 'random' paddle", "set 'random' paddle speed"], "when ball in goal": ["score point", "launch new ball", "set 'random' scene", "set 'random' ball", "set 'random' ball speed", "set 'random' paddle", "set 'random' paddle speed"], "when ball misses paddle": ["score opponent point", "launch new ball", "set 'random' scene", "set 'random' ball", "set 'random' ball speed", "set 'random' paddle", "set 'random' paddle speed"]}, {"when run": ["launch new ball", "set 'random' ball speed"], "when left arrow": ["move left"], "when right arrow": ["move right"], "when ball hits paddle": ["bounce ball"], "when ball hits wall": ["bounce ball"], "when ball in goal": ["score point", "launch new ball"], "when ball misses paddle": ["score opponent point", "launch new ball"]}, {"when run": ["launch new ball", "set 'random' ball speed", "set 'very fast' ball speed", "set 'random' paddle speed", "set 'very fast' paddle speed"], "when left arrow": ["move left"], "when right arrow": ["move right"], "when ball hits paddle": ["bounce ball"], "when ball hits wall": ["bounce ball"], "when ball in goal": ["score point", "launch new ball"], "when ball misses paddle": ["score opponent point", "launch new ball"]}, {"when run": ["bounce ball", "launch new ball", "set 'fast' ball speed", "set 'fast' paddle speed"], "when left arrow": ["move left"], "when right arrow": ["move right"], "when ball hits paddle": ["bounce ball"], "when ball hits wall": ["bounce ball"], "when ball in goal": ["score point", "launch new ball"], "when ball misses paddle": ["score opponent point", "launch new ball"]}, {"when run": ["launch new ball", "set 'very fast' ball speed"], "when left arrow": ["move left"], "when right arrow": ["move right"], "when ball hits paddle": ["bounce ball"], "when ball hits wall": ["bounce ball"], "when ball in goal": ["score point", "launch new ball"], "when ball misses paddle": ["score opponent point", "launch new ball"]}, {"when run": ["launch new ball", "set 'very slow' ball speed", "set 'very fast' paddle speed"], "when left arrow": ["move left"], "when right arrow": ["move right"], "when ball hits paddle": ["bounce ball"], "when ball hits wall": ["bounce ball"], "when ball in goal": ["score point", "launch new ball"], "when ball misses paddle": ["score opponent point", "launch new ball"]}, {"when run": ["launch new ball", "set 'hardcourt' scene", "set 'hardcourt' ball", "set 'normal' ball speed", "set 'hardcourt' paddle", "set 'normal' paddle speed"], "when left arrow": ["move left"], "when right arrow": ["move right"], "when ball hits paddle": ["bounce ball", "set 'normal' ball speed"], "when ball hits wall": ["bounce ball"], "when ball in goal": ["score point", "launch new ball"], "when ball misses paddle": ["score opponent point", "launch new ball"]}, {"when run": ["launch new ball", "set 'retro' scene", "set 'fast' ball speed"], "when right arrow": ["move right", "set 'normal' paddle speed"], "when left arrow": ["move left", "set 'normal' paddle speed"], "when ball hits paddle": ["bounce ball"], "when ball hits wall": ["bounce ball"], "when ball in goal": ["score point", "launch new ball"], "when ball misses paddle": ["score opponent point", "launch new ball"]}, {"when run": ["launch new ball", "set 'normal' paddle speed", "set 'very fast' paddle speed"], "when left arrow": ["move left"], "when right arrow": ["move right"], "when ball hits paddle": ["bounce ball"], "when ball hits wall": ["bounce ball"], "when ball in goal": ["score point", "launch new ball"], "when ball misses paddle": ["score opponent point", "launch new ball"]}, {"when run": ["launch new ball"], "when left arrow": ["move left"], "when right arrow": ["move right"], "when ball hits paddle": ["bounce ball"], "when ball hits wall": ["bounce ball", "set 'fast' ball speed"], "when ball in goal": ["score point", "launch new ball", "set 'retro' scene", "set 'random' ball", "set 'very fast' paddle speed"], "when ball misses paddle": ["score opponent point", "launch new ball", "set 'hardcourt' scene", "set 'random' ball"]}, {"when run": ["launch new ball"], "when left arrow": ["move left"], "when right arrow": ["move right"], "when ball hits paddle": ["bounce ball", "set 'very fast' paddle speed"], "when ball hits wall": ["bounce ball"], "when ball in goal": ["score point", "launch new ball", "set 'very fast' ball speed"], "when ball misses paddle": ["score opponent point", "launch new ball"]}, {"when run": ["launch new ball", "set 'retro' scene", "set 'retro' ball", "set 'random' ball speed", "set 'random' paddle speed"], "when left arrow": ["move left"], "when right arrow": ["move right"], "when ball hits paddle": ["bounce ball"], "when ball hits wall": ["bounce ball"], "when ball misses paddle": ["score opponent point", "launch new ball"], "when ball in goal": ["score point", "launch new ball", "set 'random' ball speed", "set 'random' paddle speed"]}, {"when run": ["launch new ball"], "when left arrow": ["move left"], "when right arrow": ["move right"], "when ball hits paddle": ["bounce ball"], "when ball hits wall": ["bounce ball"], "when ball in goal": ["score point", "launch new ball", "set 'fast' ball speed", "set 'fast' paddle speed"], "when ball misses paddle": ["score opponent point", "launch new ball", "set 'fast' ball speed", "set 'fast' paddle speed"]}, {"when run": ["launch new ball"], "when left arrow": ["move left"], "when right arrow": ["move right"], "when ball hits paddle": ["bounce ball"], "when ball hits wall": ["bounce ball"], "when ball in goal": ["score point", "launch new ball", "set 'normal' paddle speed"], "when ball misses paddle": ["score opponent point", "launch new ball", "set 'normal' paddle speed"]}, {"when run": ["launch new ball"], "when left arrow": ["move left", "set 'very fast' paddle speed"], "when right arrow": ["move right", "set 'fast' paddle speed"], "when ball hits paddle": ["bounce ball"], "when ball hits wall": ["bounce ball"], "when ball in goal": ["score point", "launch new ball"], "when ball misses paddle": ["score opponent point", "launch new ball"]}, {"when run": ["launch new ball", "set 'very fast' ball speed", "set 'very fast' ball speed"], "when left arrow": ["move left"], "when right arrow": ["move right"], "when ball hits paddle": ["bounce ball"], "when ball hits wall": ["bounce ball"], "when ball in goal": ["score point", "launch new ball"], "when ball misses paddle": ["bounce ball", "score opponent point", "launch new ball"]}, {"when run": ["launch new ball", "set 'random' scene", "set 'random' ball", "set 'random' ball speed", "set 'random' paddle speed"], "when left arrow": ["move left"], "when right arrow": ["move right"], "when ball hits paddle": ["bounce ball"], "when ball hits wall": ["bounce ball", "set 'random' ball speed", "set 'random' paddle speed"], "when ball in goal": ["score point", "launch new ball", "set 'random' ball speed", "set 'random' paddle speed"], "when ball misses paddle": ["score opponent point", "launch new ball", "set 'random' ball speed", "set 'random' paddle speed"]}, {"when run": ["launch new ball", "set 'fast' ball speed", "set 'normal' paddle speed"], "when left arrow": ["move left"], "when right arrow": ["move right"], "when ball hits paddle": ["bounce ball"], "when ball hits wall": ["bounce ball"], "when ball in goal": ["score point", "launch new ball"], "when ball misses paddle": ["score opponent point", "launch new ball"]}, {"when run": ["launch new ball", "set 'retro' scene", "set 'hardcourt' ball", "set 'normal' ball speed", "set 'hardcourt' paddle", "set 'very fast' paddle speed"], "when left arrow": ["move left"], "when right arrow": ["move right"], "when ball hits paddle": ["bounce ball"], "when ball hits wall": ["bounce ball"], "when ball in goal": ["score point", "launch new ball", "set 'very fast' ball speed", "set 'hardcourt' paddle"], "when ball misses paddle": ["score opponent point", "launch new ball"]}, {"when run": ["launch new ball"], "when left arrow": ["move left", "set 'very fast' paddle speed"], "when right arrow": ["move right", "set 'very fast' paddle speed"], "when ball hits paddle": ["bounce ball"], "when ball hits wall": ["bounce ball", "set 'fast' ball speed"], "when ball in goal": ["score point", "launch new ball"], "when ball misses paddle": ["score opponent point", "launch new ball"]}, {"when run": ["launch new ball"], "when left arrow": ["move left", "set 'random' scene", "set 'random' ball", "set 'random' ball speed", "set 'random' paddle", "set 'random' paddle speed"], "when ball misses paddle": ["score opponent point", "launch new ball", "set 'random' scene", "set 'random' ball", "set 'random' ball speed", "set 'random' paddle", "set 'random' paddle speed"], "when right arrow": ["move right", "set 'random' scene", "set 'random' ball", "set 'random' ball speed", "set 'random' paddle", "set 'random' paddle speed"], "when ball hits paddle": ["bounce ball", "set 'random' scene", "set 'random' ball", "set 'random' ball speed", "set 'random' paddle", "set 'random' paddle speed"], "when ball in goal": ["score point", "launch new ball", "set 'random' scene", "set 'random' ball", "set 'random' ball speed", "set 'random' paddle", "set 'random' paddle speed"], "when ball hits wall": ["bounce ball", "set 'random' scene", "set 'random' ball", "set 'random' ball speed", "set 'random' paddle", "set 'random' paddle speed"]}, {"when run": ["launch new ball"], "when left arrow": ["move left", "set 'very fast' paddle speed"], "when right arrow": ["move right"], "when ball hits wall": ["bounce ball"], "when ball hits paddle": ["bounce ball", "set 'very fast' ball speed"], "when ball in goal": ["score point", "launch new ball"], "when ball misses paddle": ["score opponent point", "launch new ball"]}, {"when run": ["launch new ball"], "when left arrow": ["move left"], "when right arrow": ["move right"], "when ball hits paddle": ["bounce ball", "set 'very fast' paddle speed"], "when ball hits wall": ["bounce ball", "set 'random' ball speed"], "when ball in goal": ["score point", "launch new ball"], "when ball misses paddle": ["score opponent point", "launch new ball"]}, {"when run": ["launch new ball", "set 'random' scene", "set 'random' ball", "set 'very fast' ball speed", "set 'random' paddle", "set 'normal' paddle speed", "set 'very fast' paddle speed"], "when left arrow": ["move left"], "when right arrow": ["move right"], "when ball hits paddle": ["bounce ball"], "when ball hits wall": ["bounce ball"], "when ball in goal": ["score point", "launch new ball"], "when ball misses paddle": ["score opponent point", "launch new ball"]}, {"when run": ["launch new ball", "set 'normal' ball speed", "set 'normal' paddle speed"], "when left arrow": ["move left"], "when right arrow": ["move right"], "when ball hits paddle": ["bounce ball"], "when ball hits wall": ["bounce ball"], "when ball in goal": ["score point", "launch new ball", "set 'fast' paddle speed"], "when ball misses paddle": ["score opponent point", "launch new ball"]}, {"when run": ["launch new ball"], "when left arrow": ["move left"], "when right arrow": ["move right"], "when ball hits paddle": ["bounce ball", "set 'fast' paddle speed"], "when ball hits wall": ["bounce ball", "set 'slow' ball speed"], "when ball in goal": ["score point", "launch new ball"], "when ball misses paddle": ["score opponent point", "launch new ball"]}, {"when run": ["launch new ball", "set 'random' ball", "set 'random' ball", "set 'fast' ball speed", "set 'random' paddle", "set 'fast' paddle speed"], "when right arrow": ["move right"], "when left arrow": ["move left"], "when ball hits paddle": ["bounce ball", "set 'fast' paddle speed"], "when ball hits wall": ["bounce ball"], "when ball in goal": ["score point", "launch new ball"], "when ball misses paddle": ["score opponent point", "launch new ball"]}, {"when run": ["launch new ball", "set 'random' scene", "set 'fast' paddle speed"], "when left arrow": ["move left"], "when right arrow": ["move right"], "when ball hits paddle": ["bounce ball"], "when ball hits wall": ["bounce ball"], "when ball in goal": ["score point", "launch new ball", "set 'fast' ball speed"], "when ball misses paddle": ["score opponent point", "launch new ball", "set 'normal' ball speed"]}, {"when run": ["launch new ball"], "when left arrow": ["move left"], "when right arrow": ["move right"], "when ball hits paddle": ["bounce ball"], "when ball hits wall": ["bounce ball"], "when ball in goal": ["score point", "launch new ball", "set 'fast' paddle speed"], "when ball misses paddle": ["score opponent point", "launch new ball", "set 'normal' ball speed"]}, {"when run": ["launch new ball", "set 'retro' scene", "set 'retro' ball", "set 'retro' paddle", "set 'fast' paddle speed", "set 'normal' paddle speed"], "when left arrow": ["move left"], "when right arrow": ["move right"], "when ball hits paddle": ["bounce ball"], "when ball hits wall": ["bounce ball"], "when ball in goal": ["score point", "launch new ball"], "when ball misses paddle": ["score opponent point", "launch new ball"]}, {"when run": ["launch new ball", "set 'normal' ball speed", "set 'normal' paddle speed"], "when left arrow": ["move left"], "when right arrow": ["move right"], "when ball hits paddle": ["bounce ball"], "when ball hits wall": ["bounce ball"], "when ball in goal": ["score point", "launch new ball", "set 'random' ball speed", "set 'random' paddle speed"], "when ball misses paddle": ["score opponent point", "launch new ball"]}, {"when run": ["launch new ball", "set 'retro' scene", "set 'hardcourt' ball", "set 'fast' ball speed", "set 'hardcourt' paddle", "set 'very fast' paddle speed"], "when right arrow": ["bounce ball", "move right", "set 'random' scene", "set 'random' ball", "set 'random' paddle"], "when left arrow": ["bounce ball", "move left", "set 'random' scene", "set 'random' ball", "set 'random' paddle"], "when ball hits paddle": ["bounce ball"], "when ball hits wall": ["bounce ball"], "when ball in goal": ["score point", "launch new ball"], "when ball misses paddle": ["score opponent point", "launch new ball"]}, {"when run": ["bounce ball", "launch new ball", "set 'random' scene", "set 'retro' ball", "set 'random' ball speed", "set 'random' paddle", "set 'random' paddle speed"], "when right arrow": ["move right"], "when ball hits paddle": ["bounce ball"], "when left arrow": ["move left"], "when ball hits wall": ["bounce ball"], "when ball in goal": ["score point", "launch new ball"], "when ball misses paddle": ["score opponent point", "launch new ball"]}, {"when run": ["bounce ball", "launch new ball", "set 'very fast' paddle speed"], "when left arrow": ["move left"], "when right arrow": ["move right"], "when ball hits paddle": ["bounce ball"], "when ball hits wall": ["bounce ball"], "when ball in goal": ["score point", "launch new ball"], "when ball misses paddle": ["score opponent point", "launch new ball"]}, {"when run": ["launch new ball", "set 'hardcourt' scene", "set 'normal' ball speed"], "when ball misses paddle": ["score opponent point", "launch new ball"], "when left arrow": ["move left"], "when right arrow": ["move right"], "when ball hits paddle": ["bounce ball"], "when ball hits wall": ["bounce ball"], "when ball in goal": ["score point", "launch new ball", "set 'normal' paddle speed"]}, {"when run": ["launch new ball", "set 'random' scene", "set 'random' ball", "set 'very fast' ball speed", "set 'random' paddle", "set 'very fast' paddle speed"], "when left arrow": ["move left"], "when right arrow": ["move right"], "when ball hits paddle": ["bounce ball"], "when ball hits wall": ["bounce ball"], "when ball in goal": ["score point", "score point", "score point", "score point", "score point", "launch new ball", "set 'random' ball"], "when ball misses paddle": ["score opponent point", "launch new ball", "set 'random' ball", "set 'very fast' ball speed"]}, {"when run": ["launch new ball"], "when left arrow": ["move left"], "when right arrow": ["move right"], "when ball hits paddle": ["bounce ball"], "when ball hits wall": ["bounce ball"], "when ball in goal": ["score point", "launch new ball", "set 'fast' ball speed"], "when ball misses paddle": ["score opponent point", "launch new ball", "set 'fast' paddle speed"]}, {"when run": ["launch new ball"], "when left arrow": ["move left"], "when right arrow": ["move right"], "when ball hits paddle": ["bounce ball", "set 'very fast' paddle speed"], "when ball hits wall": ["bounce ball"], "when ball in goal": ["score point", "launch new ball", "set 'fast' ball speed"], "when ball misses paddle": ["score opponent point", "launch new ball"]}, {"when run": ["launch new ball"], "when left arrow": ["move left"], "when right arrow": ["move right"], "when ball hits paddle": ["bounce ball"], "when ball hits wall": ["bounce ball", "set 'random' scene", "set 'random' paddle speed"], "when ball in goal": ["score point", "launch new ball", "set 'random' scene", "set 'hardcourt' ball", "set 'random' ball speed", "set 'random' paddle"], "when ball misses paddle": ["score opponent point", "launch new ball"]}, {"when run": ["launch new ball", "set 'very fast' ball speed", "set 'normal' paddle speed"], "when left arrow": ["move left"], "when right arrow": ["move right"], "when ball hits paddle": ["bounce ball"], "when ball hits wall": ["bounce ball"], "when ball in goal": ["score point", "launch new ball"], "when ball misses paddle": ["score opponent point", "launch new ball"]}, {"when run": ["launch new ball", "set 'fast' paddle speed"], "when left arrow": ["move left"], "when right arrow": ["move right"], "when ball hits paddle": ["bounce ball"], "when ball hits wall": ["bounce ball"], "when ball in goal": ["score point", "launch new ball", "set 'very fast' paddle speed"], "when ball misses paddle": ["score opponent point", "launch new ball"]}, {"when run": ["bounce ball", "launch new ball"], "when left arrow": ["bounce ball", "move left"], "when right arrow": ["bounce ball", "move right"], "when ball hits paddle": ["bounce ball"], "when ball hits wall": ["bounce ball"], "when ball in goal": ["score point", "launch new ball"], "when ball misses paddle": ["score opponent point", "launch new ball"]}, {"when run": ["launch new ball", "set 'very fast' paddle speed"], "when left arrow": ["move left"], "when right arrow": ["move right"], "when ball hits paddle": ["bounce ball"], "when ball hits wall": ["bounce ball"], "when ball in goal": ["score point", "launch new ball", "set 'very fast' paddle speed"], "when ball misses paddle": ["score opponent point", "launch new ball", "set 'very fast' paddle speed"]}, {"when run": ["launch new ball", "set 'random' ball speed", "set 'fast' paddle speed"], "when right arrow": ["move right"], "when left arrow": ["move left"], "when ball hits paddle": ["bounce ball"], "when ball hits wall": ["bounce ball"], "when ball in goal": ["score point", "launch new ball", "set 'random' ball speed"], "when ball misses paddle": ["score opponent point", "launch new ball", "set 'random' ball speed"]}, {"when run": ["launch new ball", "set 'random' scene", "set 'random' ball", "set 'fast' ball speed", "set 'slow' paddle speed"], "when left arrow": ["move left"], "when right arrow": ["move right"], "when ball hits paddle": ["bounce ball"], "when ball hits wall": ["bounce ball"], "when ball in goal": ["score point", "launch new ball"], "when ball misses paddle": ["score opponent point", "launch new ball"]}, {"when run": ["launch new ball", "set 'very slow' paddle speed"], "when left arrow": ["move left"], "when right arrow": ["move right"], "when ball hits paddle": ["bounce ball"], "when ball hits wall": ["bounce ball"], "when ball in goal": ["score point", "launch new ball"], "when ball misses paddle": ["score opponent point", "launch new ball"]}, {"when run": ["launch new ball"], "when left arrow": ["move left", "set 'fast' paddle speed"], "when right arrow": ["move right", "set 'fast' paddle speed"], "when ball hits paddle": ["bounce ball"], "when ball hits wall": ["bounce ball"], "when ball in goal": ["score point", "launch new ball"], "when ball misses paddle": ["score opponent point", "launch new ball"]}, {"when run": ["launch new ball", "set 'random' scene", "set 'random' ball", "set 'random' paddle"], "when left arrow": ["move left", "set 'random' paddle speed"], "when right arrow": ["move right", "set 'random' paddle speed"], "when ball hits paddle": ["bounce ball", "set 'random' ball speed"], "when ball hits wall": ["bounce ball", "set 'random' ball speed"], "when ball in goal": ["score point", "launch new ball"], "when ball misses paddle": ["score opponent point", "launch new ball"]}, {"when run": ["launch new ball"], "when left arrow": ["move left"], "when right arrow": ["move right"], "when ball hits paddle": ["bounce ball"], "when ball hits wall": ["bounce ball", "set 'random' ball speed"], "when ball in goal": ["score point", "launch new ball"], "when ball misses paddle": ["score opponent point", "launch new ball"]}, {"when run": ["launch new ball", "set 'very fast' ball speed"], "when left arrow": ["move left", "set 'very fast' paddle speed"], "when right arrow": ["move right", "set 'very fast' paddle speed"], "when ball hits paddle": ["bounce ball"], "when ball hits wall": ["bounce ball"], "when ball in goal": ["score point", "launch new ball"], "when ball misses paddle": ["score opponent point", "launch new ball"]}, {"when run": ["launch new ball", "set 'fast' paddle speed"], "when left arrow": ["move left"], "when right arrow": ["move right"], "when ball hits paddle": ["bounce ball"], "when ball hits wall": ["bounce ball"], "when ball in goal": ["score point", "launch new ball", "set 'very fast' ball speed"], "when ball misses paddle": ["score opponent point", "launch new ball"]}, {"when run": ["launch new ball"], "when left arrow": ["move left"], "when right arrow": ["move right"], "when ball hits paddle": ["bounce ball"], "when ball hits wall": ["bounce ball"], "when ball in goal": ["score point", "launch new ball", "set 'very fast' ball speed"], "when ball misses paddle": ["score opponent point", "launch new ball", "set 'very fast' ball speed"]}, {"when run": ["launch new ball", "set 'very fast' paddle speed"], "when left arrow": ["move left"], "when right arrow": ["move right"], "when ball hits paddle": ["bounce ball"], "when ball hits wall": ["bounce ball"], "when ball in goal": ["score point", "launch new ball"], "when ball misses paddle": ["score opponent point", "launch new ball", "set 'very fast' ball speed"]}, {"when run": ["launch new ball"], "when right arrow": ["move right"], "when left arrow": ["move left"], "when ball hits paddle": ["bounce ball"], "when ball hits wall": ["bounce ball"], "when ball in goal": ["score point", "launch new ball", "set 'random' paddle speed", "set 'random' paddle speed"], "when ball misses paddle": ["score opponent point", "launch new ball", "set 'random' ball speed", "set 'random' paddle speed"]}, {"when run": ["launch new ball"], "when ball hits paddle": ["bounce ball"], "when left arrow": ["move left", "set 'random' scene", "set 'random' ball", "set 'random' ball speed", "set 'random' paddle", "set 'random' paddle speed"], "when ball hits wall": ["bounce ball"], "when ball in goal": ["score point", "launch new ball"], "when right arrow": ["move right", "set 'random' scene", "set 'random' ball", "set 'random' ball speed", "set 'random' paddle", "set 'random' paddle speed"], "when ball misses paddle": ["score opponent point", "launch new ball"]}, {"when run": ["launch new ball"], "when left arrow": ["move left", "set 'random' paddle speed"], "when right arrow": ["move right", "set 'random' paddle speed"], "when ball hits paddle": ["bounce ball"], "when ball hits wall": ["bounce ball"], "when ball in goal": ["score point", "launch new ball"], "when ball misses paddle": ["score opponent point", "launch new ball"]}, {"when run": ["launch new ball", "set 'normal' ball speed"], "when right arrow": ["move right"], "when left arrow": ["move left"], "when ball hits paddle": ["bounce ball"], "when ball hits wall": ["bounce ball"], "when ball in goal": ["score point", "launch new ball", "set 'normal' ball speed"], "when ball misses paddle": ["score opponent point", "launch new ball"]}, {"when run": ["launch new ball"], "when left arrow": ["move left"], "when right arrow": ["move right"], "when ball hits paddle": ["bounce ball", "set 'very slow' paddle speed"], "when ball hits wall": ["bounce ball"], "when ball in goal": ["score point", "launch new ball"], "when ball misses paddle": ["score opponent point", "launch new ball"]}, {"when run": ["launch new ball"], "when left arrow": ["move left"], "when right arrow": ["move right"], "when ball hits paddle": ["bounce ball", "set 'random' ball speed", "set 'fast' paddle speed"], "when ball hits wall": ["bounce ball"], "when ball in goal": ["score point", "launch new ball", "set 'hardcourt' scene"], "when ball misses paddle": ["score opponent point", "launch new ball"]}]